Rank,Ticker,Sector,Industry,Exchange,Relative Strength,Percentile,1 Month Ago,3 Months Ago,6 Months Ago
1,CRBP,Healthcare,Biotechnology,NASDAQ,485.62,99,99,99,99
2,MDIA,Communication Services,Broadcasting,NASDAQ,465.41,99,99,96,7
3,ATER,Technology,Consumer Electronics,NASDAQ,461.17,99,99,99,46
4,SMMT,Healthcare,Biotechnology,NASDAQ,401.66,99,99,91,98
5,SITC,Real Estate,REIT—Retail,NYSE,383.6,99,63,59,48
6,LUMN,Communication Services,Telecom Services,NYSE,380.43,99,53,18,29
7,PSNL,Healthcare,Diagnostics & Research,NASDAQ,372.1,99,98,19,21
8,LBPH,Healthcare,Biotechnology,NASDAQ,338.5,99,99,99,99
9,RNA,Healthcare,Biotechnology,NASDAQ,332.24,99,99,99,96
10,LSF,Consumer Defensive,Packaged Foods,NYSE MKT,302.3,99,99,99,25
11,KINS,Financial Services,Insurance—Property & Casualty,NASDAQ,296.56,99,99,98,97
12,CLOV,Healthcare,Healthcare Plans,NASDAQ,290.98,99,97,38,18
13,INSG,Technology,Communication Equipment,NASDAQ,285.82,99,99,99,10
14,SLNO,Healthcare,Biotechnology,NASDAQ,285.04,99,99,99,99
15,AEYE,Technology,Softwareâ€”Application,NASDAQ,279.6,99,99,99,91
16,ADMA,Healthcare,Biotechnology,NASDAQ,279.16,99,99,98,89
17,INSM,Healthcare,Biotechnology,NASDAQ,275.06,99,99,26,79
18,RCAT,Technology,Software—Application,NASDAQ,274.22,99,97,79,11
19,CDNA,Healthcare,Diagnostics & Research,NASDAQ,272.46,99,99,96,50
20,EBS,Healthcare,Drug Manufacturers—Specialty & Generic,NYSE,264.09,99,99,87,19
21,MBRX,Healthcare,Biotechnology,NASDAQ,262.88,99,99,99,31
22,ROOT,Financial Services,Insurance—Property & Casualty,NASDAQ,261.63,99,99,99,99
23,HROW,Healthcare,Drug Manufacturers—Specialty & Generic,NASDAQ,259.03,99,97,89,17
24,GTHX,Healthcare,Biotechnology,NASDAQ,258.01,99,89,97,94
25,GOVX,Healthcare,Biotechnology,NASDAQ,255.35,99,24,1,1
26,RGS,Consumer Cyclical,Personal Services,NASDAQ,254.4,99,99,2,7
27,RZLT,Healthcare,Biotechnology,NASDAQ,253.24,99,99,99,89
28,NEON,Technology,Electronic Components,NASDAQ,252.89,99,95,86,9
29,NISN,Financial Services,Credit Services,NASDAQ,251.68,99,97,91,83
30,CVNA,Consumer Cyclical,Internet Retail,NYSE,251.24,99,99,99,99
31,DOGZ,Consumer Defensive,Household & Personal Products,NASDAQ,249.62,99,98,95,36
32,CADL,Healthcare,Biotechnology,NASDAQ,245.15,99,99,99,94
33,VKTX,Healthcare,Biotechnology,NASDAQ,240.17,99,99,99,99
34,DYN,Healthcare,Biotechnology,NASDAQ,239.26,99,99,98,98
35,AGBA,Financial Services,Shell Companies,NASDAQ,230.91,99,99,99,4
36,KOSS,Technology,Consumer Electronics,NASDAQ,226.69,99,99,95,8
37,UAMY,Basic Materials,Other Industrial Metals & Mining,NYSE MKT,226.49,99,83,54,7
38,REAX,Real Estate,Real Estate Services,NASDAQ,220.24,99,99,99,97
39,CRIS,Healthcare,Biotechnology,NASDAQ,217.99,99,98,99,99
40,ASPN,Industrials,Building Products & Equipment,NYSE,216.46,99,98,99,97
41,XTLB,Healthcare,Biotechnology,NASDAQ,215.56,99,98,99,16
42,AKA,Consumer Cyclical,Internet Retail,NYSE,214.63,99,94,98,95
43,PLSE,Healthcare,Medical Instruments & Supplies,NASDAQ,214.56,99,99,90,96
44,AVAH,Healthcare,Medical Care Facilities,NASDAQ,210.53,99,98,94,89
45,EOSE,Industrials,Electrical Equipment & Parts,NASDAQ,208.82,99,96,4,5
46,APLT,Healthcare,Biotechnology,NASDAQ,205.72,99,97,97,99
47,NTRBW,Healthcare,Biotechnology,NASDAQ,205.39,99,98,6,1
48,MYO,Healthcare,Medical Devices,NYSE MKT,203.26,98,99,99,99
49,NRIX,Healthcare,Biotechnology,NASDAQ,202.01,98,99,95,94
50,COMM,Technology,Communication Equipment,NASDAQ,199.98,98,31,3,2
51,FTAI,Industrials,Rental & Leasing Services,NASDAQ,197.97,98,99,98,95
52,PPTA,Basic Materials,Other Precious Metals & Mining,NASDAQ,197.41,98,95,97,14
53,BLND,Technology,Software—Application,NYSE,194.57,98,95,98,97
54,VIRC,Consumer Cyclical,"Furnishings, Fixtures & Appliances",NASDAQ,190.32,98,98,98,97
55,ZETA,Technology,Software—Application,NYSE,188.8,98,97,97,74
56,STOK,Healthcare,Biotechnology,NASDAQ,187.19,98,98,98,88
57,MSTR,Technology,Software—Application,NASDAQ,186.41,98,99,99,99
58,KEQU,Consumer Cyclical,"Furnishings, Fixtures & Appliances",NASDAQ,183.39,98,98,98,95
59,FENG,Communication Services,Internet Content & Information,NYSE,183.21,98,98,75,27
60,HNST,Consumer Cyclical,Specialty Retail,NASDAQ,182.99,98,97,86,94
61,WLFC,Industrials,Rental & Leasing Services,NASDAQ,182.26,98,97,91,46
62,CALT,Healthcare,Biotechnology,NASDAQ,180.61,98,98,70,72
63,CRVS,Healthcare,Biotechnology,NASDAQ,180.43,98,86,34,93
64,HRTG,Financial Services,Insurance—Property & Casualty,NYSE,179.69,98,63,83,89
65,ANF,Consumer Cyclical,Apparel Retail,NYSE,178.79,98,98,99,99
66,OCUL,Healthcare,Biotechnology,NASDAQ,178.61,98,98,79,99
67,SLDB,Healthcare,Drug Manufacturers—Specialty & Generic,NASDAQ,178.14,98,97,93,98
68,BNTC,Healthcare,Biotechnology,NASDAQ,176.94,98,98,99,89
69,CDE,Basic Materials,Gold,NYSE,175.22,98,97,98,21
70,SERA,Healthcare,Diagnostics & Research,NASDAQ,175.01,98,98,99,99
71,HEPS,Consumer Cyclical,Internet Retail,NASDAQ,174.88,98,98,82,85
72,NGD,Basic Materials,Gold,NYSE MKT,174.3,98,94,96,50
73,PW,Real Estate,REIT—Specialty,NYSE MKT,173.68,98,97,17,6
74,DOYU,Communication Services,Internet Content & Information,NASDAQ,173.55,98,96,67,13
75,GATO,Basic Materials,Other Precious Metals & Mining,NYSE,173.15,98,97,98,67
76,RAIL,Industrials,Railroads,NASDAQ,173.14,98,54,84,63
77,MREO,Healthcare,Biotechnology,NASDAQ,172.49,98,97,92,99
78,AQST,Healthcare,Drug Manufacturersâ€”Specialty & Generic,NASDAQ,172.34,98,93,83,98
79,USAP,Basic Materials,Steel,NASDAQ,172.02,98,95,98,92
80,RDW,Industrials,Aerospace & Defense,NYSE,170.63,98,98,96,65
81,SLQT,Financial Services,Insurance Brokers,NYSE,170.57,98,99,97,83
82,MESO,Healthcare,Biotechnology,NASDAQ,169.84,98,98,99,3
83,PNTG,Healthcare,Medical Care Facilities,NASDAQ,169.74,98,97,95,88
84,TREE,Financial Services,Mortgage Finance,NASDAQ,169.48,98,98,98,97
85,BVS,Healthcare,Diagnostics & Research,NASDAQ,169.4,98,97,95,90
86,JVA,Consumer Defensive,Packaged Foods,NASDAQ,168.21,98,98,63,70
87,NVDA,Technology,Semiconductors,NASDAQ,167.94,98,97,97,97
88,CLPT,Healthcare,Medical Devices,NASDAQ,167.43,98,85,21,32
89,TMDX,Healthcare,Medical Devices,NASDAQ,167.42,98,98,97,62
90,TLSA,Healthcare,Biotechnology,NASDAQ,167.37,98,92,89,10
91,GCI,Communication Services,Publishing,NYSE,167.31,98,97,95,26
92,EWTX,Healthcare,Biotechnology,NASDAQ,166.63,98,98,96,98
93,TPC,Industrials,Engineering & Construction,NYSE,166.08,98,99,99,91
94,LEXX,Consumer Defensive,Packaged Foods,NASDAQ,165.96,98,98,99,99
95,AXGN,Healthcare,Medical Devices,NASDAQ,165.9,97,90,14,91
96,HMY,Basic Materials,Gold,NYSE,164.82,97,92,97,79
97,AIRG,Technology,Communication Equipment,NASDAQ,164.55,97,95,90,50
98,CRS,Industrials,Metal Fabrication,NYSE,164.52,97,96,97,63
99,VRNA,Healthcare,Biotechnology,NASDAQ,163.87,97,86,8,43
100,SRTS,Healthcare,Medical Devices,NASDAQ,163.29,97,98,97,86
101,PRCT,Healthcare,Medical Devices,NASDAQ,161.99,97,95,96,86
102,IAG,Basic Materials,Gold,NYSE,161.79,97,87,94,42
103,AIHS,Financial Services,Credit Services,NASDAQ,161.49,97,94,85,97
104,HA,Industrials,Airlines,NASDAQ,161.05,97,82,94,98
105,PRAX,Healthcare,Biotechnology,NASDAQ,160.54,97,98,97,98
106,UPC,Healthcare,Biotechnology,NASDAQ,160.37,97,99,93,80
107,MMYT,Consumer Cyclical,Travel Services,NASDAQ,160.27,97,98,97,96
108,DSGN,Healthcare,Biotechnology,NASDAQ,160.09,97,93,93,27
109,HYLN,Consumer Cyclical,Auto Parts,NYSE,159.85,97,98,86,96
110,VIOT,Technology,Consumer Electronics,NASDAQ,159.51,97,65,27,8
111,SFM,Consumer Defensive,Grocery Stores,NASDAQ,159.04,97,95,96,94
112,FEDU,Consumer Defensive,Education & Training Services,NYSE,158.98,97,87,25,30
113,COE,Consumer Defensive,Education & Training Services,NYSE MKT,158.7,97,99,28,25
114,SUPV,Financial Services,Banks—Regional,NYSE,158.29,97,96,98,91
115,OCGN,Healthcare,Biotechnology,NASDAQ,158.17,97,99,99,97
116,BMA,Financial Services,Banks—Regional,NYSE,157.65,97,97,98,96
117,EVER,Communication Services,Internet Content & Information,NASDAQ,157.64,97,98,99,95
118,RYAM,Basic Materials,Chemicals,NYSE,157.56,97,93,93,20
119,BDTX,Healthcare,Biotechnology,NASDAQ,156.67,97,97,96,98
120,SWIM,Industrials,Building Products & Equipment,NASDAQ,156.48,97,46,77,67
121,GERN,Healthcare,Biotechnology,NASDAQ,156.34,97,95,93,17
122,TGTX,Healthcare,Biotechnology,NASDAQ,156.25,97,94,73,76
123,CDXC,Healthcare,Biotechnology,NASDAQ,155.9,97,96,97,67
124,ANAB,Healthcare,Biotechnology,NASDAQ,155.65,97,97,74,90
125,IPW,Consumer Cyclical,Internet Retail,NASDAQ,154.73,97,99,99,72
126,ZIM,Industrials,Marine Shipping,NYSE,154.24,97,94,97,69
127,IESC,Industrials,Engineering & Construction,NASDAQ,154.07,97,96,98,96
128,NTRB,Healthcare,Biotechnology,NASDAQ,153.99,97,99,97,19
129,BBAR,Financial Services,Banks—Regional,NYSE,153.99,97,95,97,77
130,CASI,Healthcare,Biotechnology,NASDAQ,153.64,97,98,31,96
131,HBB,Technology,Consumer Electronics,NYSE,153.6,97,84,89,90
132,CXDO,Communication Services,Telecom Services,NASDAQ,153.34,97,89,78,99
133,GAU,Basic Materials,Gold,NYSE MKT,153.01,97,98,99,93
134,RKT,Financial Services,Mortgage Finance,NYSE,152.08,97,88,89,88
135,HWKN,Basic Materials,Specialty Chemicals,NASDAQ,151.93,97,95,93,85
136,RMTI,Healthcare,Drug Manufacturers—Specialty & Generic,NASDAQ,151.78,97,58,43,7
137,ALLT,Technology,Softwareâ€”Infrastructure,NASDAQ,151.7,97,92,66,56
138,THC,Healthcare,Medical Care Facilities,NYSE,151.44,97,97,96,87
139,GGAL,Financial Services,Banks—Regional,NASDAQ,151.42,97,94,97,91
140,MEDS,Healthcare,Pharmaceutical Retailers,NASDAQ,151.18,97,99,87,95
141,ABIO,Healthcare,Biotechnology,NASDAQ,150.6,96,86,96,14
142,HOV,Consumer Cyclical,Residential Construction,NYSE,150.52,96,95,83,96
143,PBI,Industrials,Business Equipment & Supplies,NYSE,150.46,96,95,91,45
144,AMSC,Industrials,Specialty Industrial Machinery,NASDAQ,150.28,96,99,97,97
145,ABSI,Healthcare,Biotechnology,NASDAQ,149.81,96,96,97,99
146,CVLT,Technology,Software—Application,NASDAQ,149.68,96,92,90,88
147,ALIM,Healthcare,Drug Manufacturersâ€”Specialty & Generic,NASDAQ,149.62,96,94,25,81
148,KYMR,Healthcare,Biotechnology,NASDAQ,149.39,96,97,79,96
149,MIGI,Healthcare,Biotechnology,NASDAQ,149.31,96,50,89,92
150,VST,Utilities,Utilities—Independent Power Producers,NYSE,149.14,96,96,99,96
151,CLBT,Technology,Software—Infrastructure,NASDAQ,149.02,96,93,84,95
152,PTGX,Healthcare,Biotechnology,NASDAQ,148.62,96,98,84,94
153,INOD,Technology,Information Technology Services,NASDAQ,148.51,96,98,93,21
154,ALNY,Healthcare,Biotechnology,NASDAQ,148.43,96,91,21,16
155,CCCC,Healthcare,Biotechnology,NASDAQ,148.26,96,95,95,99
156,CURI,Communication Services,Broadcasting,NASDAQ,148.22,96,92,96,3
157,SIGA,Healthcare,Biotechnology,NASDAQ,148.05,96,94,90,29
158,ADCT,Healthcare,Biotechnology,NYSE,148.02,96,98,98,99
159,REFR,Technology,Electronic Components,NASDAQ,147.91,96,91,96,9
160,WAVE,Utilities,Utilities—Independent Power Producers,NASDAQ,147.8,96,43,97,4
161,COHR,Technology,Scientific & Technical Instruments,NYSE,147.74,96,94,91,93
162,SILK,Healthcare,Medical Devices,NASDAQ,147.61,96,98,89,73
163,NMM,Industrials,Marine Shipping,NYSE,147.11,96,95,97,90
164,CRNX,Healthcare,Biotechnology,NASDAQ,146.99,96,96,96,95
165,VITL,Consumer Defensive,Farm Products,NASDAQ,146.86,96,99,99,84
166,AU,Basic Materials,Gold,NYSE,146.51,96,87,84,30
167,NTRA,Healthcare,Diagnostics & Research,NASDAQ,146.27,96,96,96,93
168,SE,Communication Services,Electronic Gaming & Multimedia,NYSE,146.2,96,78,95,60
169,APP,Technology,Softwareâ€”Application,NASDAQ,146.17,96,96,98,98
170,HIMS,Consumer Defensive,Household & Personal Products,NYSE,145.38,96,99,96,91
171,GDS,Technology,Information Technology Services,NASDAQ,145.33,96,83,19,5
172,MOD,Consumer Cyclical,Auto Parts,NYSE,144.93,96,96,98,98
173,VHI,Basic Materials,Chemicals,NYSE,144.65,96,83,91,26
174,BWAY,Healthcare,Medical Devices,NASDAQ,144.59,96,97,93,98
175,TRUP,Financial Services,Insurance—Specialty,NASDAQ,144.36,96,81,61,22
176,INGN,Healthcare,Medical Devices,NASDAQ,144.27,96,93,64,20
177,WHLRP,Real Estate,REIT—Retail,NASDAQ,144.24,96,94,79,16
178,AGIO,Healthcare,Biotechnology,NASDAQ,144.15,96,97,63,85
179,JXN,Financial Services,Asset Management,NYSE,144.12,96,96,97,90
180,RSI,Consumer Cyclical,Gambling,NYSE,143.99,96,98,97,90
181,CNK,Communication Services,Entertainment,NYSE,143.66,96,86,62,69
182,PI,Technology,Communication Equipment,NASDAQ,143.62,96,96,97,77
183,DCTH,Healthcare,Medical Devices,NASDAQ,143.46,96,97,96,46
184,HMST,Financial Services,Banks—Regional,NASDAQ,142.91,96,92,57,96
185,AEHL,Industrials,Building Products & Equipment,NASDAQ,142.86,96,96,5,1
186,MRUS,Healthcare,Biotechnology,NASDAQ,142.77,96,96,98,98
187,BRFS,Consumer Defensive,Packaged Foods,NYSE,142.57,96,90,94,93
188,QTWO,Technology,Software—Application,NYSE,142.16,95,95,96,87
189,APEI,Consumer Defensive,Education & Training Services,NASDAQ,141.92,95,99,99,92
190,PLTR,Technology,Software—Infrastructure,NYSE,141.82,95,91,72,95
191,BKTI,Technology,Communication Equipment,NYSE MKT,141.68,95,29,65,23
192,BV,Industrials,Specialty Business Services,NYSE,141.6,95,92,97,73
193,SPOT,Communication Services,Internet Content & Information,NYSE,141.41,95,96,95,95
194,DKS,Consumer Cyclical,Specialty Retail,NYSE,141.26,95,87,90,90
195,ACIW,Technology,Softwareâ€”Infrastructure,NASDAQ,141.08,95,93,86,82
196,STEP,Financial Services,Asset Management,NASDAQ,140.95,95,92,91,85
197,IRM,Real Estate,REIT—Specialty,NYSE,140.82,95,91,82,87
198,FEIM,Technology,Communication Equipment,NASDAQ,140.66,95,95,64,89
199,VISL,Technology,Communication Equipment,NASDAQ,140.63,95,96,84,10
200,ICLK,Communication Services,Advertising Agencies,NASDAQ,140.54,95,34,2,76
201,COKE,Consumer Defensive,Beverages—Non-Alcoholic,NASDAQ,140.35,95,92,87,82
202,ERJ,Industrials,Aerospace & Defense,NYSE,140.18,95,94,96,81
203,VERA,Healthcare,Biotechnology,NASDAQ,139.92,95,97,98,99
204,STRT,Consumer Cyclical,Auto Parts,NASDAQ,139.83,95,53,66,72
205,CMMB,Healthcare,Biotechnology,NASDAQ,139.64,95,97,58,12
206,WINT,Healthcare,Biotechnology,NASDAQ,139.55,95,2,1,0
207,LU,Financial Services,Credit Services,NYSE,139.27,95,94,69,8
208,ASM,Basic Materials,Other Precious Metals & Mining,NYSE MKT,139.13,95,96,98,11
209,KGC,Basic Materials,Gold,NYSE,139.04,95,94,95,38
210,XGN,Healthcare,Diagnostics & Research,NASDAQ,138.52,95,68,22,56
211,BLFS,Healthcare,Medical Instruments & Supplies,NASDAQ,138.41,95,91,89,56
212,NVAX,Healthcare,Biotechnology,NASDAQ,138.13,95,99,99,10
213,UFPT,Consumer Cyclical,Packaging & Containers,NASDAQ,138.13,95,96,90,86
214,MG,Industrials,Security & Protection Services,NYSE,138.12,95,83,74,89
215,CREX,Technology,Software—Application,NASDAQ,138.07,95,96,89,97
216,GDDY,Technology,Software—Infrastructure,NYSE,137.51,95,92,94,88
217,PETQ,Healthcare,Drug Manufacturers—Specialty & Generic,NASDAQ,137.37,95,77,69,78
218,NSSC,Industrials,Security & Protection Services,NASDAQ,137.15,95,95,93,91
219,BURL,Consumer Cyclical,Apparel Retail,NYSE,137.07,95,92,65,72
220,BLBD,Consumer Cyclical,Auto Manufacturers,NASDAQ,137.05,95,97,98,94
221,TAYD,Industrials,Specialty Industrial Machinery,NASDAQ,136.86,95,94,97,95
222,UG,Consumer Defensive,Household & Personal Products,NASDAQ,136.66,95,85,55,27
223,ANNX,Healthcare,Biotechnology,NASDAQ,136.66,95,97,93,96
224,BYRN,Industrials,Aerospace & Defense,NASDAQ,136.14,95,92,98,98
225,ITI,Technology,Communication Equipment,NASDAQ,136.13,95,52,33,70
226,ACR,Real Estate,REITâ€”Mortgage,NYSE,136.02,95,89,91,86
227,PALT,Technology,Software—Application,NASDAQ,135.91,95,97,77,98
228,CRTO,Communication Services,Advertising Agencies,NASDAQ,135.77,95,90,84,65
229,DAKT,Technology,Computer Hardware,NASDAQ,135.48,95,96,88,76
230,LTH,Consumer Cyclical,Leisure,NYSE,135.34,95,87,59,15
231,CYH,Healthcare,Medical Care Facilities,NYSE,135.29,95,85,77,17
232,UPST,Financial Services,Credit Services,NASDAQ,135.19,95,18,24,40
233,YMAB,Healthcare,Biotechnology,NASDAQ,135.13,95,91,91,99
234,ELDN,Healthcare,Biotechnology,NASDAQ,134.99,94,97,96,74
235,MDWD,Healthcare,Biotechnology,NASDAQ,134.95,94,95,93,92
236,ALT,Healthcare,Biotechnology,NASDAQ,134.81,94,92,95,99
237,NCMI,Communication Services,Advertising Agencies,NASDAQ,134.52,94,87,88,74
238,ENVA,Financial Services,Credit Services,NYSE,134.42,94,87,73,88
239,LE,Consumer Cyclical,Specialty Retail,NASDAQ,134.13,94,96,95,83
240,FLXS,Consumer Cyclical,"Furnishings, Fixtures & Appliances",NASDAQ,134.12,94,89,92,96
241,RDNT,Healthcare,Diagnostics & Research,NASDAQ,134.1,94,96,96,81
242,AEM,Basic Materials,Gold,NYSE,134.06,94,88,90,32
243,REVG,Industrials,Farm & Heavy Construction Machinery,NYSE,133.92,94,94,97,94
244,CRUS,Technology,Semiconductors,NASDAQ,133.7,94,95,89,61
245,PAYS,Industrials,Specialty Business Services,NASDAQ,133.64,94,97,96,73
246,KRYS,Healthcare,Biotechnology,NASDAQ,133.62,94,94,79,92
247,GPS,Consumer Cyclical,Apparel Retail,NYSE,133.59,94,92,95,92
248,SLG,Real Estate,REIT—Office,NYSE,133.57,94,92,92,91
249,LC,Financial Services,Credit Services,NYSE,133.4,94,86,80,59
250,VGZ,Basic Materials,Gold,NYSE MKT,133.38,94,76,87,9
251,AMRX,Healthcare,Drug Manufacturersâ€”Specialty & Generic,NASDAQ,133.26,94,95,95,95
252,ZDGE,Technology,Software—Application,NYSE MKT,133.08,94,94,44,96
253,VIRT,Financial Services,Capital Markets,NASDAQ,133.07,94,90,83,36
254,ARQT,Healthcare,Biotechnology,NASDAQ,133.05,94,97,96,99
255,CLS,Technology,Electronic Components,NYSE,133.01,94,97,99,98
256,NKTR,Healthcare,Biotechnology,NASDAQ,132.98,94,98,99,70
257,COIN,Technology,Software—Application,NASDAQ,132.98,94,97,98,98
258,FICO,Technology,Software—Application,NYSE,132.64,94,91,88,90
259,SNCR,Technology,Software—Application,NASDAQ,132.55,94,96,72,86
260,ENTX,Healthcare,Biotechnology,NASDAQ,132.54,94,96,99,96
261,RUN,Technology,Solar,NASDAQ,132.52,94,91,45,12
262,HWM,Industrials,Specialty Industrial Machinery,NYSE,132.34,94,91,94,89
263,BARK,Consumer Cyclical,Specialty Retail,NYSE,132.2,94,87,45,67
264,RKLB,Industrials,Aerospace & Defense,NASDAQ,131.97,94,66,22,32
265,EAT,Consumer Cyclical,Restaurants,NYSE,131.96,94,94,95,81
266,NRG,Utilities,Utilities—Independent Power Producers,NYSE,131.94,94,90,97,89
267,KARO,Technology,Software—Application,NASDAQ,131.94,94,65,77,41
268,SCVL,Consumer Cyclical,Apparel Retail,NASDAQ,131.94,94,92,92,89
269,CNTA,Healthcare,Biotechnology,NASDAQ,131.84,94,82,70,97
270,OXBR,Financial Services,Insurance—Reinsurance,NASDAQ,131.81,94,99,98,10
271,WYY,Technology,Information Technology Services,NYSE MKT,131.78,94,97,80,90
272,ZUMZ,Consumer Cyclical,Apparel Retail,NASDAQ,131.77,94,83,46,27
273,GKOS,Healthcare,Medical Instruments & Supplies,NYSE,131.76,94,90,93,91
274,SGHT,Healthcare,Medical Devices,NASDAQ,131.62,94,94,71,9
275,SHCR,Healthcare,Health Information Services,NASDAQ,131.58,94,89,17,15
276,USLM,Basic Materials,Building Materials,NASDAQ,131.38,94,95,94,82
277,WKME,Technology,Software—Application,NASDAQ,131.37,94,94,32,30
278,ABUS,Healthcare,Biotechnology,NASDAQ,131.34,94,96,89,82
279,PIPR,Financial Services,Capital Markets,NYSE,131.2,94,94,88,82
280,ORGS,Healthcare,Biotechnology,NASDAQ,131.03,94,68,17,33
281,BOOT,Consumer Cyclical,Apparel Retail,NYSE,130.96,93,85,89,75
282,AXON,Industrials,Aerospace & Defense,NASDAQ,130.78,93,83,80,89
283,HTLF,Financial Services,Banks—Regional,NASDAQ,130.76,93,94,91,50
284,DY,Industrials,Engineering & Construction,NYSE,130.72,93,93,95,80
285,CURV,Consumer Cyclical,Apparel Retail,NYSE,130.71,93,98,96,95
286,SOHU,Communication Services,Internet Content & Information,NASDAQ,130.7,93,89,80,19
287,CSWI,Industrials,Specialty Industrial Machinery,NASDAQ,130.68,93,90,90,89
288,MMM,Industrials,Specialty Industrial Machinery,NYSE,130.62,93,79,83,28
289,WLDN,Industrials,Engineering & Construction,NASDAQ,130.59,93,93,94,53
290,ARIS,Utilities,Utilities—Regulated Water,NYSE,130.36,93,94,94,81
291,EGO,Basic Materials,Gold,NYSE,130.35,93,85,93,33
292,ESEA,Industrials,Marine Shipping,NASDAQ,130.17,93,87,89,94
293,TZOO,Consumer Cyclical,Travel Services,NASDAQ,129.95,93,66,25,78
294,YOU,Technology,Software—Application,NYSE,129.87,93,53,16,15
295,LWAY,Consumer Defensive,Packaged Foods,NASDAQ,129.86,93,38,92,87
296,UWMC,Financial Services,Mortgage Finance,NYSE,129.77,93,77,80,73
297,CGEN,Healthcare,Biotechnology,NASDAQ,129.69,93,87,98,99
298,LRMR,Healthcare,Biotechnology,NASDAQ,129.52,93,98,88,99
299,MLI,Industrials,Metal Fabrication,NYSE,129.51,93,90,88,85
300,ICUI,Healthcare,Medical Instruments & Supplies,NASDAQ,129.49,93,68,22,25
301,AKTX,Healthcare,Biotechnology,NASDAQ,129.27,93,98,9,7
302,MIRM,Healthcare,Biotechnology,NASDAQ,129.08,93,93,20,45
303,TPB,Consumer Defensive,Tobacco,NYSE,129.01,93,91,90,58
304,PWP,Financial Services,Capital Markets,NASDAQ,128.93,93,92,91,86
305,NHC,Healthcare,Medical Care Facilities,NYSE MKT,128.65,93,95,86,91
306,BTBT,Technology,Software—Application,NASDAQ,128.59,93,94,31,68
307,NOVA,Technology,Solar,NYSE,128.55,93,68,2,3
308,CLSK,Technology,Software—Application,NASDAQ,128.42,93,98,99,99
309,AGI,Basic Materials,Gold,NYSE,128.33,93,81,88,26
310,NVMI,Technology,Semiconductor Equipment & Materials,NASDAQ,128.3,93,94,94,92
311,ADAP,Healthcare,Biotechnology,NASDAQ,128.3,93,92,67,97
312,VNO,Real Estate,REIT—Office,NYSE,128.22,93,68,69,84
313,MPWR,Technology,Semiconductors,NASDAQ,128.2,93,89,85,88
314,RVMD,Healthcare,Biotechnology,NASDAQ,128.11,93,96,88,68
315,MTTR,Technology,Software—Application,NASDAQ,127.93,93,93,97,11
316,PPC,Consumer Defensive,Packaged Foods,NASDAQ,127.86,93,89,86,83
317,SAVA,Healthcare,Biotechnology,NASDAQ,127.79,93,5,38,46
318,LAKE,Consumer Cyclical,Apparel Manufacturing,NASDAQ,127.59,93,90,71,85
319,NGVC,Consumer Defensive,Grocery Stores,NYSE,127.28,93,95,92,79
320,UHS,Healthcare,Medical Care Facilities,NYSE,127.18,93,76,77,77
321,NTAP,Technology,Computer Hardware,NASDAQ,127.08,93,91,91,70
322,FSFG,Financial Services,Banks—Regional,NASDAQ,127.0,93,79,61,59
323,CHWY,Consumer Cyclical,Internet Retail,NYSE,126.77,93,84,15,10
324,SA,Basic Materials,Gold,NYSE,126.75,93,59,79,25
325,AVGO,Technology,Semiconductors,NASDAQ,126.75,93,89,91,94
326,MEC,Industrials,Metal Fabrication,NYSE,126.74,93,91,82,31
327,TELL,Energy,Oil & Gas E&P,NYSE MKT,126.65,92,95,7,26
328,XOMA,Healthcare,Biotechnology,NASDAQ,126.6,92,89,87,92
329,TEVA,Healthcare,Drug Manufacturers—Specialty & Generic,NYSE,126.58,92,94,95,90
330,HALO,Healthcare,Biotechnology,NASDAQ,126.47,92,91,64,39
331,ITIC,Financial Services,Insurance—Specialty,NASDAQ,126.4,92,79,48,52
332,MCHX,Communication Services,Advertising Agencies,NASDAQ,126.37,92,37,32,13
333,SILV,Basic Materials,Other Precious Metals & Mining,NYSE MKT,126.32,92,92,94,18
334,LGND,Healthcare,Biotechnology,NASDAQ,126.24,92,94,72,76
335,SMTC,Technology,Semiconductors,NASDAQ,126.22,92,83,97,40
336,SPXC,Industrials,Specialty Industrial Machinery,NYSE,126.15,92,93,94,91
337,JEF,Financial Services,Financial Conglomerates,NYSE,126.1,92,89,84,76
338,FULC,Healthcare,Biotechnology,NASDAQ,126.0,92,95,86,98
339,COMP,Technology,Software—Application,NYSE,125.96,92,88,86,88
340,GE,Industrials,Specialty Industrial Machinery,NYSE,125.9,92,91,95,91
341,RDVT,Technology,Software—Application,NASDAQ,125.88,92,88,62,19
342,FNKO,Consumer Cyclical,Leisure,NASDAQ,125.88,92,82,59,19
343,UTI,Consumer Defensive,Education & Training Services,NYSE,125.86,92,96,93,95
344,NMRK,Real Estate,Real Estate Services,NASDAQ,125.86,92,93,86,91
345,KKR,Financial Services,Asset Management,NYSE,125.84,92,94,93,93
346,AGX,Industrials,Engineering & Construction,NYSE,125.83,92,95,94,61
347,FUNC,Financial Services,Banks—Regional,NASDAQ,125.77,92,87,79,86
348,TYRA,Healthcare,Biotechnology,NASDAQ,125.72,92,91,71,93
349,OPFI,Technology,Software—Application,NYSE,125.71,92,92,64,85
350,TRGP,Energy,Oil & Gas Midstream,NYSE,125.65,92,88,86,75
351,ERIE,Financial Services,Insurance Brokers,NASDAQ,125.56,92,79,85,94
352,ICCH,Financial Services,Insurance—Specialty,NASDAQ,125.42,92,91,40,31
353,MCY,Financial Services,Insurance—Property & Casualty,NYSE,125.37,92,91,94,92
354,FRPT,Consumer Defensive,Packaged Foods,NASDAQ,125.28,92,91,94,94
355,MGNI,Communication Services,Advertising Agencies,NASDAQ,125.22,92,93,83,82
356,TWST,Healthcare,Diagnostics & Research,NASDAQ,125.11,92,98,96,97
357,STRM,Healthcare,Health Information Services,NASDAQ,125.03,92,74,7,24
358,GRBK,Consumer Cyclical,Residential Construction,NYSE,124.98,92,90,54,85
359,BYSI,Healthcare,Biotechnology,NASDAQ,124.96,92,91,99,83
360,SHIP,Industrials,Marine Shipping,NASDAQ,124.92,92,84,98,89
361,EVR,Financial Services,Capital Markets,NYSE,124.91,92,92,90,89
362,KNSA,Healthcare,Biotechnology,NASDAQ,124.88,92,90,59,89
363,UTHR,Healthcare,Biotechnology,NASDAQ,124.87,92,90,76,35
364,NCNA,Healthcare,Biotechnology,NASDAQ,124.8,92,4,1,2
365,NKTX,Healthcare,Biotechnology,NASDAQ,124.78,92,97,96,99
366,WSM,Consumer Cyclical,Specialty Retail,NYSE,124.78,92,94,96,94
367,NWG,Financial Services,Banks—Diversified,NYSE,124.7,92,88,87,45
368,HNNA,Financial Services,Asset Management,NASDAQ,124.67,92,78,62,37
369,TNDM,Healthcare,Medical Devices,NASDAQ,124.61,92,94,98,53
370,MHK,Consumer Cyclical,"Furnishings, Fixtures & Appliances",NYSE,124.55,92,79,71,80
371,FIX,Industrials,Engineering & Construction,NYSE,124.51,92,90,95,95
372,DSP,Technology,Software—Application,NASDAQ,124.42,92,96,92,95
373,OSPN,Technology,Software—Infrastructure,NASDAQ,124.32,92,82,74,12
374,LAZ,Financial Services,Capital Markets,NYSE,124.29,91,77,85,78
375,TERN,Healthcare,Biotechnology,NASDAQ,124.24,91,95,27,78
376,POWL,Industrials,Electrical Equipment & Parts,NASDAQ,124.24,91,93,98,99
377,BELFA,Technology,Electronic Components,NASDAQ,124.15,91,87,91,79
378,PRLD,Healthcare,Biotechnology,NASDAQ,124.05,91,96,39,44
379,PRTH,Technology,Information Technology Services,NASDAQ,123.79,91,97,85,28
380,EVGO,Consumer Cyclical,Specialty Retail,NASDAQ,123.79,91,95,8,12
381,WING,Consumer Cyclical,Restaurants,NASDAQ,123.74,91,92,94,95
382,LMB,Industrials,Engineering & Construction,NASDAQ,123.71,91,96,95,97
383,SLVM,Basic Materials,Paper & Paper Products,NYSE,123.65,91,89,92,85
384,TOL,Consumer Cyclical,Residential Construction,NYSE,123.65,91,89,89,92
385,PSFE,Technology,Information Technology Services,NYSE,123.51,91,95,93,74
386,MOLN,Healthcare,Biotechnology,NASDAQ,123.51,91,90,12,14
387,GLNG,Energy,Oil & Gas Midstream,NASDAQ,123.45,91,93,83,30
388,K,Consumer Defensive,Packaged Foods,NYSE,123.43,91,40,58,37
389,HIFS,Financial Services,Banks—Regional,NASDAQ,123.33,91,77,35,20
390,TILE,Consumer Cyclical,"Furnishings, Fixtures & Appliances",NASDAQ,123.3,91,90,92,95
391,TPL,Energy,Oil & Gas E&P,NYSE,123.28,91,90,69,30
392,ANET,Technology,Computer Hardware,NYSE,123.26,91,92,91,92
393,BCS,Financial Services,Banks—Diversified,NYSE,123.17,91,90,91,68
394,SHG,Financial Services,Banks—Regional,NYSE,123.14,91,85,77,69
395,IBCP,Financial Services,Banks—Regional,NASDAQ,123.1,91,93,81,79
396,BSRR,Financial Services,Banks—Regional,NASDAQ,123.06,91,93,76,43
397,NVEI,Technology,Software—Infrastructure,NASDAQ,123.04,91,83,90,66
398,PRG,Industrials,Rental & Leasing Services,NYSE,122.97,91,81,70,53
399,FF,Basic Materials,Chemicals,NYSE,122.91,91,55,41,17
400,BSVN,Financial Services,Banks—Regional,NASDAQ,122.82,91,95,75,64
401,TSM,Technology,Semiconductors,NYSE,122.81,91,89,92,85
402,FFNW,Financial Services,Banks—Regional,NASDAQ,122.76,91,91,93,95
403,CPF,Financial Services,Banks—Regional,NYSE,122.73,91,87,78,59
404,VRNS,Technology,Software—Infrastructure,NASDAQ,122.64,91,79,78,93
405,QFIN,Financial Services,Credit Services,NASDAQ,122.62,91,59,83,28
406,FTDR,Consumer Cyclical,Personal Services,NASDAQ,122.61,91,64,53,34
407,HIW,Real Estate,REIT—Office,NYSE,122.45,91,84,80,73
408,CFB,Financial Services,Banks—Regional,NASDAQ,122.45,91,92,65,65
409,FN,Technology,Electronic Components,NYSE,122.41,91,87,94,92
410,OMER,Healthcare,Biotechnology,NASDAQ,122.38,91,98,31,91
411,LRN,Consumer Defensive,Education & Training Services,NYSE,122.37,91,87,90,80
412,NUVB,Healthcare,Biotechnology,NYSE,122.34,91,97,97,75
413,APM,Healthcare,Biotechnology,NASDAQ,122.07,91,85,99,10
414,AKR,Real Estate,REITâ€”Retail,NYSE,122.05,91,81,65,69
415,RERE,Consumer Cyclical,Internet Retail,NYSE,122.04,91,93,89,4
416,IOVA,Healthcare,Biotechnology,NASDAQ,121.84,91,85,70,98
417,RVLV,Consumer Cyclical,Internet Retail,NYSE,121.83,91,35,76,87
418,AOSL,Technology,Semiconductors,NASDAQ,121.75,91,96,70,19
419,GWRE,Technology,Software—Application,NYSE,121.74,91,91,80,88
420,OSCR,Healthcare,Healthcare Plans,NYSE,121.68,91,95,98,98
421,LDI,Financial Services,Mortgage Finance,NYSE,121.63,90,22,25,87
422,NWPX,Industrials,Metal Fabrication,NASDAQ,121.56,90,73,78,38
423,GVA,Industrials,Engineering & Construction,NYSE,121.49,90,92,90,76
424,TGLS,Industrials,Building Products & Equipment,NYSE,121.48,90,62,90,82
425,RVNC,Healthcare,Biotechnology,NASDAQ,121.41,90,8,1,4
426,ALDX,Healthcare,Biotechnology,NASDAQ,121.39,90,81,25,13
427,LNTH,Healthcare,Diagnostics & Research,NASDAQ,121.33,90,96,55,22
428,NEM,Basic Materials,Gold,NYSE,121.26,90,79,78,12
429,PLMR,Financial Services,Insurance—Property & Casualty,NASDAQ,121.03,90,88,88,86
430,VNOM,Energy,Oil & Gas Midstream,NASDAQ,120.91,90,81,78,78
431,TISI,Industrials,Specialty Business Services,NYSE,120.86,90,87,61,18
432,VIST,Energy,Oil & Gas E&P,NYSE,120.79,90,84,93,92
433,MMLP,Energy,Oil & Gas Midstream,NASDAQ,120.74,90,89,84,28
434,RARE,Healthcare,Biotechnology,NASDAQ,120.7,90,56,22,78
435,IIPR,Real Estate,REIT—Industrial,NYSE,120.66,90,90,89,83
436,BITF,Financial Services,Capital Markets,NASDAQ,120.65,90,93,84,98
437,LOCO,Consumer Cyclical,Restaurants,NASDAQ,120.57,90,80,67,32
438,FISI,Financial Services,Banks—Regional,NASDAQ,120.34,90,87,49,44
439,PAY,Technology,Information Technology Services,NYSE,120.31,90,81,89,79
440,ISRG,Healthcare,Medical Instruments & Supplies,NASDAQ,120.21,90,85,76,84
441,LLY,Healthcare,Drug Manufacturers—General,NYSE,120.2,90,89,88,94
442,SRL,Financial Services,Capital Markets,NYSE,120.19,90,71,29,60
443,AEI,Real Estate,Real Estateâ€”Development,NASDAQ,120.17,90,83,5,9
444,KBH,Consumer Cyclical,Residential Construction,NYSE,120.09,90,90,86,90
445,JLL,Real Estate,Real Estate Services,NYSE,120.09,90,90,75,72
446,DHI,Consumer Cyclical,Residential Construction,NYSE,120.06,90,83,68,85
447,HRB,Consumer Cyclical,Personal Services,NYSE,120.03,90,84,78,82
448,ITOS,Healthcare,Biotechnology,NASDAQ,120.02,90,93,93,20
449,MHO,Consumer Cyclical,Residential Construction,NYSE,119.93,90,91,82,92
450,BALY,Consumer Cyclical,Resorts & Casinos,NYSE,119.82,90,53,38,14
451,CPRX,Healthcare,Biotechnology,NASDAQ,119.77,90,77,70,68
452,WAL,Financial Services,Banks—Regional,NYSE,119.75,90,90,83,69
453,PSTG,Technology,Computer Hardware,NYSE,119.74,90,88,96,93
454,CDMO,Healthcare,Biotechnology,NASDAQ,119.72,90,77,39,25
455,VGR,Consumer Defensive,Tobacco,NYSE,119.68,90,56,32,32
456,EVRI,Consumer Cyclical,Gambling,NYSE,119.67,90,17,4,24
457,AMAL,Financial Services,Banksâ€”Regional,NASDAQ,119.56,90,93,86,77
458,FSI,Basic Materials,Specialty Chemicals,NYSE MKT,119.55,90,21,39,30
459,PDM,Real Estate,REIT—Office,NYSE,119.54,90,80,70,25
460,VERI,Technology,Software—Infrastructure,NASDAQ,119.49,90,41,77,10
461,PACK,Consumer Cyclical,Packaging & Containers,NYSE,119.41,90,86,92,54
462,INBK,Financial Services,Banks—Regional,NASDAQ,119.4,90,93,93,94
463,ASXC,Healthcare,Medical Devices,NYSE MKT,119.33,90,74,13,17
464,PSN,Industrials,Specialty Industrial Machinery,NYSE,119.32,90,76,83,92
465,TATT,Industrials,Aerospace & Defense,NASDAQ,119.28,90,93,96,95
466,GME,Consumer Cyclical,Specialty Retail,NYSE,119.24,90,96,78,12
467,TIGO,Communication Services,Telecom Services,NASDAQ,119.21,89,88,90,54
468,IMNM,Healthcare,Biotechnology,NASDAQ,119.02,89,89,94,99
469,AVAV,Industrials,Aerospace & Defense,NASDAQ,118.98,89,86,96,74
470,GENI,Communication Services,Internet Content & Information,NYSE,118.93,89,67,19,81
471,HLNE,Financial Services,Asset Management,NASDAQ,118.91,89,89,89,87
472,ATGE,Consumer Defensive,Education & Training Services,NYSE,118.88,89,95,89,51
473,KB,Financial Services,Banks—Regional,NYSE,118.83,89,87,87,74
474,WIX,Technology,Software—Infrastructure,NASDAQ,118.79,89,93,95,92
475,JSPR,Healthcare,Biotechnology,NASDAQ,118.7,89,95,97,98
476,GHM,Industrials,Specialty Industrial Machinery,NYSE,118.6,89,95,95,93
477,LFVN,Consumer Defensive,Packaged Foods,NASDAQ,118.58,89,72,90,86
478,EOLS,Healthcare,Drug Manufacturers—Specialty & Generic,NASDAQ,118.56,89,81,69,93
479,SVM,Basic Materials,Silver,NYSE MKT,118.55,89,82,94,17
480,PGR,Financial Services,Insurance—Property & Casualty,NYSE,118.45,89,80,83,83
481,GRMN,Technology,Scientific & Technical Instruments,NYSE,118.43,89,90,90,81
482,NG,Basic Materials,Gold,NYSE MKT,118.42,89,89,60,3
483,ADUS,Healthcare,Medical Care Facilities,NASDAQ,118.34,89,87,79,38
484,GNSS,Technology,Scientific & Technical Instruments,NASDAQ,118.32,89,79,19,19
485,EME,Industrials,Engineering & Construction,NYSE,118.32,89,92,96,94
486,CFG,Financial Services,Banks—Regional,NYSE,118.16,89,88,83,60
487,AFCG,Real Estate,REITâ€”Specialty,NASDAQ,118.09,89,73,70,36
488,MTZ,Industrials,Engineering & Construction,NYSE,118.06,89,85,91,31
489,IGIC,Financial Services,Insurance—Diversified,NASDAQ,118.05,89,90,85,74
490,SBEV,Consumer Defensive,Beverages—Brewers,NYSE MKT,118.04,89,14,2,15
491,BFAM,Consumer Cyclical,Personal Services,NYSE,117.9,89,72,62,84
492,ERIC,Technology,Communication Equipment,NASDAQ,117.83,89,83,70,52
493,BKU,Financial Services,Banks—Regional,NYSE,117.82,89,89,74,49
494,AVPT,Technology,Software—Infrastructure,NASDAQ,117.81,89,91,81,71
495,CALM,Consumer Defensive,Farm Products,NASDAQ,117.8,89,84,74,71
496,BHE,Technology,Electronic Components,NYSE,117.78,89,93,95,80
497,IDCC,Communication Services,Telecom Services,NASDAQ,117.75,89,83,72,76
498,ATHA,Healthcare,Biotechnology,NASDAQ,117.72,89,93,44,97
499,GVP,Technology,Software—Application,NASDAQ,117.67,89,93,81,3
500,IP,Consumer Cyclical,Packaging & Containers,NYSE,117.58,89,88,90,50
501,ALKT,Technology,Softwareâ€”Application,NASDAQ,117.56,89,94,88,87
502,EDUC,Communication Services,Publishing,NASDAQ,117.55,89,85,91,92
503,CAL,Consumer Cyclical,Footwear & Accessories,NYSE,117.54,89,71,88,93
504,CAMT,Technology,Semiconductor Equipment & Materials,NASDAQ,117.52,89,96,98,96
505,DJCO,Communication Services,Publishing,NASDAQ,117.4,89,88,80,59
506,TTP,Financial Services,Asset Management,NYSE,117.35,89,70,75,54
507,LMAT,Healthcare,Medical Instruments & Supplies,NASDAQ,117.34,89,93,88,81
508,FKWL,Technology,Communication Equipment,NASDAQ,117.33,89,87,43,18
509,VRT,Industrials,Electrical Equipment & Parts,NYSE,117.29,89,96,99,98
510,KURA,Healthcare,Biotechnology,NASDAQ,117.25,89,94,93,97
511,CHCI,Real Estate,Real Estate—Diversified,NASDAQ,117.2,89,75,92,55
512,AFBI,Financial Services,Banksâ€”Regional,NASDAQ,117.07,89,87,71,73
513,MNMD,Healthcare,Biotechnology,NASDAQ,116.98,89,97,98,94
514,SNT,Industrials,Security & Protection Services,NASDAQ,116.94,88,84,78,23
515,IMRN,Healthcare,Biotechnology,NASDAQ,116.85,88,76,76,17
516,CENX,Basic Materials,Aluminum,NASDAQ,116.85,88,92,98,78
517,EXK,Basic Materials,Silver,NYSE,116.83,88,97,97,4
518,PRK,Financial Services,Banks—Regional,NYSE MKT,116.76,88,94,76,70
519,CYBR,Technology,Software—Infrastructure,NASDAQ,116.71,88,82,79,93
520,FWRD,Industrials,Integrated Freight & Logistics,NASDAQ,116.66,88,6,0,2
521,ORRF,Financial Services,Banks—Regional,NASDAQ,116.58,88,88,69,76
522,PYXS,Healthcare,Biotechnology,NASDAQ,116.45,88,86,86,99
523,LII,Industrials,Specialty Industrial Machinery,NYSE,116.35,88,86,85,90
524,FYBR,Communication Services,Telecom Services,NASDAQ,116.32,88,86,86,75
525,DMAC,Healthcare,Biotechnology,NASDAQ,116.32,88,90,41,77
526,IOR,Financial Services,Mortgage Finance,NYSE MKT,116.21,88,88,88,59
527,FSBW,Financial Services,Banks—Regional,NASDAQ,116.12,88,87,51,58
528,SOI,Energy,Oil & Gas Equipment & Services,NYSE,116.12,88,89,42,32
529,CMCM,Communication Services,Internet Content & Information,NYSE,116.1,88,88,99,75
530,TBBK,Financial Services,Banks—Regional,NASDAQ,116.01,88,88,19,78
531,MYGN,Healthcare,Diagnostics & Research,NASDAQ,115.79,88,92,63,47
532,HNI,Industrials,Business Equipment & Supplies,NYSE,115.74,88,86,85,88
533,ROAD,Industrials,Engineering & Construction,NASDAQ,115.73,88,92,94,90
534,HL,Basic Materials,Gold,NYSE,115.7,88,75,87,9
535,TT,Industrials,Specialty Industrial Machinery,NYSE,115.7,88,89,92,89
536,HTBI,Financial Services,Banks—Regional,NASDAQ,115.55,88,89,77,64
537,PJT,Financial Services,Capital Markets,NYSE,115.48,88,86,81,85
538,NUVL,Healthcare,Biotechnology,NASDAQ,115.47,88,86,74,96
539,MPB,Financial Services,Banks—Regional,NASDAQ,115.43,88,80,44,26
540,ALSN,Consumer Cyclical,Auto Parts,NYSE,115.39,88,81,81,90
541,USAU,Basic Materials,Gold,NASDAQ,115.34,88,93,95,24
542,ONON,Consumer Cyclical,Apparel Retail,NYSE,115.34,88,82,86,81
543,BMTX,Technology,Software—Application,NYSE MKT,115.31,88,91,90,8
544,HBI,Consumer Cyclical,Apparel Manufacturing,NYSE,115.31,88,65,66,78
545,NXRT,Real Estate,REIT—Residential,NYSE,115.28,88,80,63,14
546,CWK,Real Estate,Real Estate Services,NYSE,115.27,88,88,77,59
547,TGB,Basic Materials,Other Industrial Metals & Mining,NYSE MKT,115.23,88,84,98,65
548,VCYT,Healthcare,Biotechnology,NASDAQ,115.19,88,41,18,25
549,VCTR,Financial Services,Asset Management,NASDAQ,115.14,88,88,94,71
550,STBA,Financial Services,Banks—Regional,NASDAQ,115.12,88,90,65,50
551,COST,Consumer Defensive,Discount Stores,NASDAQ,115.11,88,83,88,89
552,SKYW,Industrials,Airlines,NASDAQ,115.07,88,95,96,97
553,FITB,Financial Services,Banks—Regional,NASDAQ,115.07,88,86,86,78
554,NECB,Financial Services,Banks—Regional,NASDAQ,115.0,88,90,67,39
555,LNSR,Healthcare,Medical Devices,NASDAQ,115.0,88,96,75,95
556,FL,Consumer Cyclical,Footwear & Accessories,NYSE,114.97,88,49,22,84
557,PAAS,Basic Materials,Silver,NYSE,114.94,88,88,92,13
558,WHLM,Industrials,Specialty Business Services,NASDAQ,114.86,88,84,77,52
559,MUSA,Consumer Cyclical,Specialty Retail,NYSE,114.83,88,86,81,86
560,CRAI,Industrials,Consulting Services,NASDAQ,114.74,87,93,95,84
561,RYAN,Financial Services,Insurance—Specialty,NYSE,114.71,87,77,76,71
562,HBM,Basic Materials,Copper,NYSE,114.7,87,86,97,80
563,AWRE,Technology,Software—Application,NASDAQ,114.7,87,81,56,79
564,SFBS,Financial Services,Banks—Regional,NYSE,114.67,87,85,71,73
565,FSM,Basic Materials,Silver,NYSE,114.65,87,85,97,12
566,TYL,Technology,Software—Application,NYSE,114.64,87,79,75,65
567,UVSP,Financial Services,Banks—Regional,NASDAQ,114.6,87,89,73,39
568,TRVI,Healthcare,Biotechnology,NASDAQ,114.6,87,92,77,96
569,PRIM,Industrials,Engineering & Construction,NYSE,114.56,87,93,95,86
570,MAX,Communication Services,Internet Content & Information,NYSE,114.5,87,59,94,97
571,DHC,Real Estate,REIT—Healthcare Facilities,NASDAQ,114.49,87,91,55,97
572,XPL,Basic Materials,Other Industrial Metals & Mining,NYSE MKT,114.47,87,90,93,24
573,NHI,Real Estate,REIT—Healthcare Facilities,NYSE,114.44,87,84,74,54
574,SGMO,Healthcare,Biotechnology,NASDAQ,114.41,87,37,14,94
575,PATK,Consumer Cyclical,Recreational Vehicles,NASDAQ,114.39,87,82,81,93
576,DTM,Energy,Oil & Gas Midstream,NYSE,114.38,87,85,82,65
577,LYG,Financial Services,Banks—Regional,NYSE,114.37,87,86,83,50
578,ADAG,Healthcare,Biotechnology,NASDAQ,114.29,87,84,92,98
579,CODX,Healthcare,Diagnostics & Research,NASDAQ,114.19,87,34,29,16
580,AX,Financial Services,Banks—Regional,NYSE,114.1,87,93,82,81
581,RBB,Financial Services,Banks—Regional,NASDAQ,114.1,87,89,84,72
582,EFX,Industrials,Consulting Services,NYSE,114.07,87,74,51,83
583,ONTO,Technology,Semiconductors,NYSE,114.07,87,88,96,93
584,MWA,Industrials,Specialty Industrial Machinery,NYSE,114.02,87,87,85,66
585,PANW,Technology,Software—Infrastructure,NASDAQ,114.01,87,66,79,84
586,LPX,Industrials,Building Products & Equipment,NYSE,114.01,87,86,89,76
587,COOP,Financial Services,Mortgage Finance,NASDAQ,113.97,87,85,89,85
588,WPM,Basic Materials,Gold,NYSE,113.96,87,78,86,23
589,MNDY,Technology,Software—Application,NASDAQ,113.94,87,83,84,83
590,NGS,Energy,Oil & Gas Equipment & Services,NYSE,113.89,87,80,95,87
591,RYTM,Healthcare,Biotechnology,NASDAQ,113.86,87,96,81,95
592,NNBR,Industrials,Conglomerates,NASDAQ,113.86,87,76,78,98
593,PLUS,Technology,Software—Application,NASDAQ,113.83,87,74,75,89
594,DORM,Consumer Cyclical,Auto Parts,NASDAQ,113.81,87,66,55,72
595,EML,Industrials,Tools & Accessories,NASDAQ,113.8,87,81,91,87
596,ATOS,Healthcare,Biotechnology,NASDAQ,113.66,87,89,94,78
597,KLAC,Technology,Semiconductor Equipment & Materials,NASDAQ,113.65,87,86,90,90
598,PHM,Consumer Cyclical,Residential Construction,NYSE,113.61,87,83,86,91
599,XERS,Healthcare,Biotechnology,NASDAQ,113.52,87,76,13,94
600,ALHC,Healthcare,Healthcare Plans,NASDAQ,113.48,87,93,55,19
601,CARG,Communication Services,Internet Content & Information,NASDAQ,113.46,87,66,69,62
602,FLR,Industrials,Engineering & Construction,NYSE,113.42,87,82,80,53
603,CBRE,Real Estate,Real Estate Services,NYSE,113.41,87,72,48,65
604,VZIO,Technology,Consumer Electronics,NYSE,113.36,87,91,89,94
605,GS,Financial Services,Capital Markets,NYSE,113.28,87,85,86,70
606,CTAS,Industrials,Specialty Business Services,NASDAQ,113.27,86,83,81,80
607,OLLI,Consumer Defensive,Discount Stores,NASDAQ,113.27,86,84,56,75
608,CTRM,Industrials,Marine Shipping,NASDAQ,113.23,86,75,31,41
609,STC,Financial Services,Insurance—Property & Casualty,NYSE,113.23,86,88,82,88
610,ATI,Industrials,Metal Fabrication,NYSE,113.14,86,87,89,73
611,ALLY,Financial Services,Credit Services,NYSE,113.12,86,85,86,85
612,AAON,Industrials,Building Products & Equipment,NASDAQ,113.12,86,71,65,87
613,NBTB,Financial Services,Banks—Regional,NASDAQ,113.11,86,88,58,34
614,SKYT,Technology,Semiconductors,NASDAQ,113.1,86,21,33,88
615,SMCI,Technology,Computer Hardware,NASDAQ,113.04,86,95,99,99
616,OPBK,Financial Services,Banks—Regional,NASDAQ,112.98,86,76,43,61
617,RDFN,Real Estate,Real Estate Services,NASDAQ,112.95,86,58,14,21
618,REGN,Healthcare,Biotechnology,NASDAQ,112.93,86,78,68,75
619,PMTS,Financial Services,Credit Services,NASDAQ,112.93,86,95,82,19
620,SHAK,Consumer Cyclical,Restaurants,NYSE,112.87,86,39,82,95
621,FBNC,Financial Services,Banks—Regional,NASDAQ,112.85,86,74,40,51
622,RCL,Consumer Cyclical,Travel Services,NYSE,112.85,86,92,91,87
623,EQBK,Financial Services,Banks—Regional,NYSE,112.82,86,87,81,78
624,NRIM,Financial Services,Banks—Regional,NASDAQ,112.8,86,92,73,56
625,NFLX,Communication Services,Entertainment,NASDAQ,112.78,86,83,88,91
626,UI,Technology,Communication Equipment,NYSE,112.78,86,84,53,12
627,GOLD,Basic Materials,Gold,NYSE,112.73,86,60,60,21
628,TNGX,Healthcare,Biotechnology,NASDAQ,112.67,86,94,56,97
629,FBP,Financial Services,Banks—Regional,NYSE,112.66,86,89,81,80
630,VSEC,Industrials,Aerospace & Defense,NASDAQ,112.66,86,91,84,84
631,CBU,Financial Services,Banks—Regional,NYSE,112.66,86,86,44,29
632,ILPT,Real Estate,REIT—Industrial,NASDAQ,112.64,86,92,83,80
633,HLI,Financial Services,Capital Markets,NYSE,112.62,86,77,81,83
634,MLR,Consumer Cyclical,Auto Parts,NYSE,112.59,86,93,92,81
635,AFL,Financial Services,Insuranceâ€”Life,NYSE,112.59,86,70,71,61
636,AROW,Financial Services,Banksâ€”Regional,NASDAQ,112.53,86,92,73,60
637,RAND,Financial Services,Asset Management,NASDAQ,112.49,86,77,60,43
638,GLW,Technology,Electronic Components,NYSE,112.49,86,91,73,52
639,VERX,Technology,Software—Application,NASDAQ,112.48,86,93,89,91
640,MSI,Technology,Communication Equipment,NYSE,112.45,86,77,75,65
641,SBS,Utilities,Utilities—Regulated Water,NYSE,112.42,86,56,59,86
642,SKY,Consumer Cyclical,Residential Construction,NYSE,112.41,86,54,44,84
643,MTG,Financial Services,Insurance—Specialty,NYSE,112.4,86,80,73,79
644,KNOP,Industrials,Marine Shipping,NYSE,112.29,86,85,65,39
645,IGR,Financial Services,Asset Management,NYSE,112.27,86,75,58,50
646,UMH,Real Estate,REIT—Residential,NYSE,112.25,86,62,44,44
647,HCA,Healthcare,Medical Care Facilities,NYSE,112.25,86,73,66,75
648,INFY,Technology,Information Technology Services,NYSE,112.23,86,82,34,69
649,DVA,Healthcare,Medical Care Facilities,NYSE,112.23,86,86,82,85
650,PCVX,Healthcare,Biotechnology,NASDAQ,112.22,86,94,71,92
651,CR,Industrials,Specialty Industrial Machinery,NYSE,112.2,86,89,92,89
652,KEY,Financial Services,Banks—Regional,NYSE,112.19,85,81,81,75
653,WMT,Consumer Defensive,Discount Stores,NYSE,112.19,85,79,76,68
654,IRT,Real Estate,REIT—Residential,NYSE,112.19,85,80,63,30
655,ABCB,Financial Services,Banksâ€”Regional,NYSE,112.18,85,86,75,68
656,ACB,Healthcare,Drug Manufacturersâ€”Specialty & Generic,NASDAQ,112.15,85,58,94,5
657,CLH,Industrials,Waste Management,NYSE,112.15,85,82,84,73
658,USM,Communication Services,Telecom Services,NYSE,112.14,85,95,93,77
659,CGAU,Basic Materials,Gold,NYSE,112.13,85,63,87,16
660,QCRH,Financial Services,Banks—Regional,NASDAQ,112.12,85,82,67,70
661,DBD,Technology,Software—Application,NYSE,112.11,85,96,96,92
662,SFIX,Consumer Cyclical,Specialty Retail,NASDAQ,112.08,85,92,8,14
663,TRU,Industrials,Consulting Services,NYSE,112.07,85,53,50,69
664,GFL,Industrials,Waste Management,NYSE,112.07,85,72,27,71
665,IMMR,Technology,Software—Application,NASDAQ,112.06,85,97,91,35
666,CNS,Financial Services,Asset Management,NYSE,112.04,85,80,70,75
667,FBK,Financial Services,Banks—Regional,NYSE,112.04,85,84,71,63
668,DECK,Consumer Cyclical,Footwear & Accessories,NYSE,112.0,85,80,95,95
669,EBAY,Consumer Cyclical,Internet Retail,NASDAQ,111.98,85,69,81,61
670,SAP,Technology,Software—Application,NYSE,111.96,85,84,80,86
671,VTR,Real Estate,REIT—Healthcare Facilities,NYSE,111.93,85,71,59,27
672,XPO,Industrials,Integrated Freight & Logistics,NYSE,111.88,85,80,88,97
673,DXPE,Industrials,Industrial Distribution,NASDAQ,111.88,85,81,91,66
674,IBTX,Financial Services,Banks—Regional,NASDAQ,111.87,85,85,73,57
675,BHVN,Healthcare,Biotechnology,NYSE,111.85,85,69,90,98
676,JMIA,Consumer Cyclical,Internet Retail,NYSE,111.82,85,99,95,96
677,HBNC,Financial Services,Banks—Regional,NASDAQ,111.81,85,83,69,60
678,AGS,Consumer Cyclical,Gambling,NYSE,111.8,85,91,93,88
679,SQSP,Technology,Software—Infrastructure,NYSE,111.79,85,86,90,73
680,SRCL,Industrials,Waste Management,NASDAQ,111.75,85,78,62,74
681,TPH,Consumer Cyclical,Residential Construction,NYSE,111.74,85,89,78,78
682,ABBV,Healthcare,Drug Manufacturersâ€”General,NYSE,111.71,85,64,46,78
683,CANG,Communication Services,Internet Content & Information,NYSE,111.71,85,94,65,79
684,PRMW,Consumer Defensive,Beverages—Non-Alcoholic,NYSE,111.68,85,86,93,63
685,AAT,Real Estate,REITâ€”Diversified,NYSE,111.65,85,72,56,52
686,UMBF,Financial Services,Banks—Regional,NASDAQ,111.64,85,81,73,70
687,NVR,Consumer Cyclical,Residential Construction,NYSE,111.62,85,77,66,83
688,GEO,Real Estate,REIT—Healthcare Facilities,NYSE,111.56,85,91,92,88
689,LEN,Consumer Cyclical,Residential Construction,NYSE,111.53,85,79,77,88
690,GHLD,Financial Services,Mortgage Finance,NYSE,111.52,85,65,76,77
691,HIG,Financial Services,Insurance—Diversified,NYSE,111.51,85,75,82,83
692,CASY,Consumer Defensive,Grocery Stores,NASDAQ,111.49,85,84,82,79
693,FMAO,Financial Services,Banks—Regional,NASDAQ,111.43,85,83,67,36
694,ENSG,Healthcare,Medical Care Facilities,NASDAQ,111.43,85,80,63,80
695,WHLRD,Real Estate,REIT—Retail,NASDAQ,111.41,85,91,89,58
696,STRL,Industrials,Engineering & Construction,NASDAQ,111.36,85,91,96,97
697,EFSC,Financial Services,Banks—Regional,NASDAQ,111.35,85,87,36,32
698,VSTO,Consumer Cyclical,Leisure,NYSE,111.32,85,83,76,61
699,SYF,Financial Services,Credit Services,NYSE,111.26,85,85,82,81
700,PAHC,Healthcare,Drug Manufacturers—Specialty & Generic,NASDAQ,111.25,84,93,91,50
701,CHKP,Technology,Software—Infrastructure,NASDAQ,111.22,84,75,54,72
702,AKBA,Healthcare,Biotechnology,NASDAQ,111.16,84,69,20,92
703,MOFG,Financial Services,Banks—Regional,NASDAQ,111.15,84,80,41,50
704,MC,Financial Services,Capital Markets,NYSE,111.15,84,80,83,79
705,JG,Technology,Software—Application,NASDAQ,111.13,84,14,36,14
706,CBAN,Financial Services,Banks—Regional,NASDAQ,111.13,84,84,68,56
707,OMCL,Healthcare,Health Information Services,NASDAQ,111.12,84,17,21,4
708,FOX,Communication Services,Broadcasting,NASDAQ,111.05,84,69,61,27
709,INFN,Technology,Communication Equipment,NASDAQ,111.03,84,85,71,58
710,BK,Financial Services,Asset Management,NYSE,111.01,84,82,81,78
711,CRH,Basic Materials,Building Materials,NYSE,110.97,84,74,86,93
712,RBLX,Communication Services,Electronic Gaming & Multimedia,NYSE,110.96,84,56,24,58
713,FHTX,Healthcare,Biotechnology,NASDAQ,110.89,84,91,24,91
714,BANR,Financial Services,Banks—Regional,NASDAQ,110.88,84,84,51,29
715,NMIH,Financial Services,Insurance—Property & Casualty,NASDAQ,110.86,84,82,72,66
716,GCMG,Financial Services,Asset Management,NASDAQ,110.83,84,82,83,62
717,HEI,Industrials,Aerospace & Defense,NYSE,110.82,84,77,78,68
718,CRVL,Financial Services,Insurance Brokers,NASDAQ,110.77,84,85,78,74
719,URI,Industrials,Rental & Leasing Services,NYSE,110.75,84,86,88,93
720,DASH,Communication Services,Internet Content & Information,NASDAQ,110.75,84,38,78,94
721,PHG,Healthcare,Diagnostics & Research,NYSE,110.72,84,77,85,42
722,COHN,Financial Services,Capital Markets,NYSE MKT,110.72,84,96,92,52
723,RXST,Healthcare,Medical Devices,NASDAQ,110.68,84,80,96,98
724,FOXA,Communication Services,Broadcasting,NASDAQ,110.67,84,69,61,28
725,ALL,Financial Services,Insuranceâ€”Property & Casualty,NYSE,110.61,84,76,83,84
726,FCBC,Financial Services,Banks—Regional,NASDAQ,110.56,84,85,66,57
727,TTD,Technology,Software—Application,NASDAQ,110.56,84,62,81,78
728,GM,Consumer Cyclical,Auto Manufacturers,NYSE,110.56,84,78,84,77
729,MELI,Consumer Cyclical,Internet Retail,NASDAQ,110.49,84,75,73,67
730,CACI,Technology,Information Technology Services,NYSE,110.48,84,80,82,73
731,ASA,Financial Services,Asset Management,NYSE,110.46,84,75,84,20
732,EGY,Energy,Oil & Gas E&P,NYSE,110.46,84,90,90,47
733,PLNT,Consumer Cyclical,Leisure,NYSE,110.45,84,74,37,25
734,CSTL,Healthcare,Diagnostics & Research,NASDAQ,110.44,84,67,57,17
735,QNST,Communication Services,Advertising Agencies,NASDAQ,110.42,84,92,94,81
736,FLEX,Technology,Electronic Components,NASDAQ,110.4,84,87,92,91
737,GPI,Consumer Cyclical,Auto & Truck Dealerships,NYSE,110.4,84,74,75,53
738,MATX,Industrials,Marine Shipping,NYSE,110.39,84,81,84,87
739,CTRE,Real Estate,REIT—Healthcare Facilities,NYSE,110.36,84,76,78,60
740,AWI,Industrials,Building Products & Equipment,NYSE,110.33,84,88,87,93
741,DELL,Technology,Computer Hardware,NYSE,110.33,84,91,99,95
742,NNVC,Healthcare,Biotechnology,NYSE MKT,110.32,84,98,96,59
743,PHAT,Healthcare,Biotechnology,NASDAQ,110.31,84,78,42,69
744,BRO,Financial Services,Insurance Brokers,NYSE,110.28,84,82,74,80
745,RTX,Industrials,Aerospace & Defense,NYSE,110.24,84,68,76,42
746,GBCI,Financial Services,Banks—Regional,NYSE,110.22,83,80,73,63
747,BCRX,Healthcare,Biotechnology,NASDAQ,110.22,83,90,32,16
748,BFIN,Financial Services,Banks—Regional,NASDAQ,110.21,83,75,70,68
749,SASR,Financial Services,Banks—Regional,NASDAQ,110.19,83,86,52,27
750,SMFG,Financial Services,Banks—Diversified,NYSE,110.16,83,87,84,76
751,DFS,Financial Services,Credit Services,NYSE,110.15,83,84,78,81
752,ASMB,Healthcare,Biotechnology,NASDAQ,110.14,83,75,88,72
753,EXR,Real Estate,REIT—Industrial,NYSE,110.12,83,78,54,45
754,GOGL,Industrials,Marine Shipping,NASDAQ,110.04,83,87,95,93
755,MNKD,Healthcare,Biotechnology,NASDAQ,110.02,83,90,73,34
756,DNLI,Healthcare,Biotechnology,NASDAQ,110.02,83,83,18,20
757,EPRT,Real Estate,REIT—Diversified,NYSE,110.02,83,80,69,40
758,PIRS,Healthcare,Biotechnology,NASDAQ,110.01,83,46,5,2
759,APH,Technology,Electronic Components,NYSE,109.99,83,81,92,83
760,TTEK,Industrials,Engineering & Construction,NASDAQ,109.96,83,72,87,71
761,JHG,Financial Services,Asset Management,NYSE,109.96,83,82,82,74
762,HUYA,Communication Services,Entertainment,NYSE,109.92,83,88,97,54
763,FBIZ,Financial Services,Banks—Regional,NASDAQ,109.83,83,81,59,61
764,HMNF,Financial Services,Banks—Regional,NASDAQ,109.76,83,86,72,47
765,CMCL,Basic Materials,Gold,NYSE MKT,109.72,83,54,33,16
766,MTH,Consumer Cyclical,Residential Construction,NYSE,109.72,83,86,81,77
767,AZZ,Industrials,Electrical Equipment & Parts,NYSE,109.71,83,88,95,94
768,MCO,Financial Services,Financial Data & Stock Exchanges,NYSE,109.68,83,72,72,66
769,CIO,Real Estate,REIT—Office,NYSE,109.62,83,81,64,23
770,BEDU,Consumer Defensive,Education & Training Services,NYSE,109.61,83,86,92,90
771,OPHC,Financial Services,Banks—Regional,NASDAQ,109.6,83,70,78,85
772,STX,Technology,Computer Hardware,NASDAQ,109.58,83,91,82,86
773,TXRH,Consumer Cyclical,Restaurants,NASDAQ,109.56,83,84,88,88
774,IMUX,Healthcare,Biotechnology,NASDAQ,109.53,83,42,23,37
775,FCNCA,Financial Services,Banks—Regional,NASDAQ,109.5,83,80,79,86
776,SMWB,Communication Services,Internet Content & Information,NYSE,109.49,83,30,75,91
777,BPOP,Financial Services,Banks—Regional,NASDAQ,109.46,83,85,82,78
778,RACE,Consumer Cyclical,Auto Manufacturers,NYSE,109.45,83,68,72,86
779,FTNT,Technology,Software—Infrastructure,NASDAQ,109.39,83,18,33,70
780,GABC,Financial Services,Banks—Regional,NASDAQ,109.37,83,86,65,50
781,TMUS,Communication Services,Telecom Services,NASDAQ,109.35,83,65,62,65
782,ISTR,Financial Services,Banks—Regional,NASDAQ,109.33,83,84,79,83
783,CW,Industrials,Specialty Industrial Machinery,NYSE,109.31,83,79,88,77
784,CORT,Healthcare,Biotechnology,NASDAQ,109.3,83,91,53,28
785,GIL,Consumer Cyclical,Apparel Manufacturing,NYSE,109.28,83,74,74,58
786,ARGX,Healthcare,Biotechnology,NASDAQ,109.13,83,57,18,22
787,BPMC,Healthcare,Biotechnology,NASDAQ,109.13,83,96,92,95
788,OPY,Financial Services,Capital Markets,NYSE,109.09,83,90,71,30
789,FSBC,Financial Services,Banks—Regional,NASDAQ,109.08,83,83,55,52
790,SCSC,Technology,Electronics & Computer Distribution,NASDAQ,109.06,83,84,91,86
791,AXP,Financial Services,Credit Services,NYSE,109.05,83,82,87,85
792,ADC,Real Estate,REITâ€”Retail,NYSE,109.04,83,68,43,23
793,TGS,Energy,Oil & Gas Integrated,NYSE,109.03,82,78,87,45
794,DCO,Industrials,Aerospace & Defense,NYSE,109.03,82,75,81,37
795,ICE,Financial Services,Financial Data & Stock Exchanges,NYSE,109.01,82,74,66,80
796,XPOF,Consumer Cyclical,Leisure,NYSE,108.98,82,81,8,4
797,IFF,Basic Materials,Specialty Chemicals,NYSE,108.96,82,78,86,37
798,WELL,Real Estate,REIT—Healthcare Facilities,NYSE,108.91,82,78,73,65
799,CUZ,Real Estate,REIT—Office,NYSE,108.91,82,66,60,55
800,CNO,Financial Services,Insurance—Life,NYSE,108.88,82,71,70,59
801,MO,Consumer Defensive,Tobacco,NYSE,108.84,82,74,65,34
802,JPM,Financial Services,Banks—Diversified,NYSE,108.83,82,79,83,82
803,SRPT,Healthcare,Biotechnology,NASDAQ,108.82,82,78,47,76
804,SNV,Financial Services,Banks—Regional,NYSE,108.78,82,87,77,73
805,SMBC,Financial Services,Banks—Regional,NASDAQ,108.77,82,67,41,38
806,CRNT,Technology,Communication Equipment,NASDAQ,108.76,82,74,79,94
807,VEON,Communication Services,Telecom Services,NASDAQ,108.72,82,86,78,89
808,TJX,Consumer Cyclical,Apparel Retail,NYSE,108.72,82,73,65,71
809,BSX,Healthcare,Medical Devices,NYSE,108.71,82,82,85,79
810,CSR,Real Estate,Real Estate Services,NYSE,108.71,82,72,77,34
811,CIGI,Real Estate,Real Estate Services,NASDAQ,108.69,82,78,42,57
812,RDWR,Technology,Software—Infrastructure,NASDAQ,108.64,82,39,71,38
813,MESA,Industrials,Airlines,NASDAQ,108.63,82,95,66,12
814,REPL,Healthcare,Biotechnology,NASDAQ,108.61,82,66,2,4
815,CIFR,Financial Services,Capital Markets,NASDAQ,108.61,82,96,90,78
816,SPR,Industrials,Aerospace & Defense,NYSE,108.6,82,78,76,55
817,CAAS,Consumer Cyclical,Auto Parts,NASDAQ,108.57,82,66,36,10
818,LDOS,Technology,Information Technology Services,NYSE,108.53,82,88,91,86
819,EPAC,Industrials,Specialty Industrial Machinery,NYSE,108.52,82,81,85,79
820,CELC,Healthcare,Diagnostics & Research,NASDAQ,108.51,82,90,79,83
821,FMBH,Financial Services,Banks—Regional,NASDAQ,108.5,82,82,66,52
822,TMHC,Consumer Cyclical,Residential Construction,NYSE,108.49,82,84,74,84
823,CGEM,Healthcare,Biotechnology,NASDAQ,108.48,82,95,98,96
824,IIF,Financial Services,Asset Management,NYSE,108.47,82,78,75,76
825,INVA,Healthcare,Biotechnology,NASDAQ,108.45,82,76,62,70
826,WAFD,Financial Services,Banks—Regional,NASDAQ,108.43,82,75,41,32
827,CM,Financial Services,Banks—Diversified,NYSE,108.42,82,70,72,71
828,PM,Consumer Defensive,Tobacco,NYSE,108.41,82,67,56,29
829,BCO,Industrials,Security & Protection Services,NYSE,108.4,82,87,87,66
830,CGNT,Technology,Software—Infrastructure,NASDAQ,108.37,82,81,90,93
831,EXEL,Healthcare,Biotechnology,NASDAQ,108.36,82,40,33,55
832,GSHD,Financial Services,Insurance—Diversified,NASDAQ,108.35,82,33,33,75
833,PHI,Communication Services,Telecom Services,NYSE,108.31,82,55,55,44
834,FBMS,Financial Services,Banks—Regional,NYSE,108.31,82,60,37,25
835,BBSI,Industrials,Staffing & Employment Services,NASDAQ,108.29,82,85,78,79
836,RXT,Technology,Software—Infrastructure,NASDAQ,108.29,82,90,64,78
837,FIS,Technology,Information Technology Services,NYSE,108.27,82,76,87,75
838,LMNR,Consumer Defensive,Farm Products,NASDAQ,108.27,82,82,74,72
839,BRC,Industrials,Security & Protection Services,NYSE,108.27,82,80,83,61
840,CSL,Industrials,Building Products & Equipment,NYSE,108.24,81,87,93,87
841,ABM,Industrials,Specialty Business Services,NYSE,108.22,81,81,63,29
842,NDP,Financial Services,Asset Management,NYSE,108.21,81,64,74,59
843,NSA,Real Estate,REIT—Industrial,NYSE,108.19,81,77,44,38
844,R,Industrials,Rental & Leasing Services,NYSE,108.17,81,71,76,69
845,MAG,Basic Materials,Silver,NYSE MKT,108.16,81,75,87,8
846,CGO,Financial Services,Asset Management,NASDAQ,108.16,81,81,73,62
847,RBA,Industrials,Specialty Business Services,NYSE,108.15,81,71,71,80
848,CL,Consumer Defensive,Household & Personal Products,NYSE,108.08,81,73,73,68
849,FNF,Financial Services,Insurance—Specialty,NYSE,108.07,81,75,76,82
850,BOTJ,Financial Services,Banks—Regional,NASDAQ,108.01,81,89,46,59
851,NCSM,Energy,Oil & Gas Equipment & Services,NASDAQ,107.97,81,45,52,34
852,OFG,Financial Services,Banks—Regional,NYSE,107.95,81,84,72,74
853,HQL,Financial Services,Asset Management,NYSE,107.95,81,78,57,64
854,CASH,Financial Services,Banks—Regional,NASDAQ,107.91,81,81,63,49
855,AER,Industrials,Airports & Air Services,NYSE,107.87,81,82,88,76
856,PFMT,Industrials,Specialty Business Services,NASDAQ,107.87,81,79,72,53
857,HUT,Financial Services,Capital Markets,NASDAQ,107.82,81,97,31,16
858,SGRP,Industrials,Specialty Business Services,NASDAQ,107.82,81,94,98,31
859,BBY,Consumer Cyclical,Specialty Retail,NYSE,107.8,81,72,36,61
860,BDN,Real Estate,REIT—Office,NYSE,107.75,81,60,75,35
861,HQH,Financial Services,Asset Management,NYSE,107.75,81,75,56,59
862,MLP,Real Estate,Real Estate Services,NYSE,107.73,81,87,87,93
863,NBHC,Financial Services,Banks—Regional,NYSE,107.72,81,83,69,45
864,EWBC,Financial Services,Banks—Diversified,NASDAQ,107.69,81,82,79,78
865,SPNT,Financial Services,Insurance—Reinsurance,NYSE,107.69,81,76,75,82
866,COLB,Financial Services,Banks—Regional,NASDAQ,107.68,81,69,39,16
867,FCF,Financial Services,Banks—Regional,NYSE,107.67,81,83,52,33
868,HFWA,Financial Services,Banks—Regional,NASDAQ,107.67,81,73,54,39
869,TSEM,Technology,Semiconductors,NASDAQ,107.65,81,91,72,42
870,MCBS,Financial Services,Banks—Regional,NASDAQ,107.64,81,88,78,80
871,BHR,Real Estate,REIT—Hotel & Motel,NYSE,107.63,81,88,71,15
872,JNPR,Technology,Communication Equipment,NYSE,107.59,81,67,64,82
873,GSL,Industrials,Marine Shipping,NYSE,107.59,81,77,94,65
874,LMT,Industrials,Aerospace & Defense,NYSE,107.53,81,66,54,31
875,YRD,Financial Services,Credit Services,NYSE,107.52,81,88,92,97
876,PKOH,Industrials,Industrial Distribution,NASDAQ,107.49,81,82,80,91
877,EQH,Financial Services,Insurance—Diversified,NYSE,107.46,81,83,89,73
878,ORN,Industrials,Engineering & Construction,NYSE,107.46,81,98,97,94
879,FSS,Industrials,Pollution & Treatment Controls,NYSE,107.41,81,85,83,85
880,AXS,Financial Services,Insurance—Property & Casualty,NYSE,107.39,81,77,83,66
881,PDD,Consumer Cyclical,Internet Retail,NASDAQ,107.36,81,66,95,79
882,EZPW,Financial Services,Credit Services,NASDAQ,107.35,81,43,60,79
883,SYBX,Healthcare,Biotechnology,NASDAQ,107.33,81,84,96,98
884,NBN,Financial Services,Banks—Regional,NASDAQ,107.31,81,89,82,73
885,RDN,Financial Services,Insurance—Specialty,NYSE,107.31,81,78,71,70
886,INNV,Healthcare,Medical Care Facilities,NASDAQ,107.3,80,70,17,11
887,SBH,Consumer Cyclical,Specialty Retail,NYSE,107.3,80,45,36,66
888,OLP,Real Estate,REIT—Diversified,NYSE,107.29,80,78,70,35
889,IMAX,Communication Services,Entertainment,NYSE,107.28,80,45,39,35
890,KEX,Industrials,Marine Shipping,NYSE,107.26,80,88,93,68
891,MLSS,Healthcare,Medical Instruments & Supplies,NYSE MKT,107.26,80,88,26,12
892,TOWN,Financial Services,Banks—Regional,NASDAQ,107.22,80,75,53,48
893,NDAQ,Financial Services,Financial Data & Stock Exchanges,NASDAQ,107.22,80,60,67,43
894,BRX,Real Estate,REIT—Retail,NYSE,107.21,80,63,46,55
895,PNC,Financial Services,Banks—Regional,NYSE,107.19,80,80,73,63
896,BDC,Industrials,Electrical Equipment & Parts,NYSE,107.15,80,64,74,57
897,ZBRA,Technology,Communication Equipment,NASDAQ,107.1,80,77,80,52
898,CPT,Real Estate,REIT—Residential,NYSE,107.09,80,66,58,31
899,IBP,Industrials,Building Products & Equipment,NYSE,107.06,80,91,88,96
900,KFY,Industrials,Staffing & Employment Services,NYSE,107.04,80,81,80,78
901,PDLB,Financial Services,Banks—Regional,NASDAQ,107.02,80,66,57,44
902,UBER,Technology,Software—Application,NYSE,107.02,80,68,74,96
903,ESS,Real Estate,REIT—Residential,NYSE,107.01,80,77,74,53
904,WWW,Consumer Cyclical,Footwear & Accessories,NYSE,107.0,80,91,89,34
905,APT,Industrials,Building Products & Equipment,NYSE MKT,106.96,80,73,50,82
906,TKC,Communication Services,Telecom Services,NYSE,106.94,80,94,90,69
907,BEST,Industrials,Trucking,NYSE,106.91,80,76,18,15
908,GTES,Industrials,Specialty Industrial Machinery,NYSE,106.91,80,75,88,70
909,AGYS,Technology,Softwareâ€”Application,NASDAQ,106.91,80,88,87,35
910,Z,Communication Services,Internet Content & Information,NASDAQ,106.9,80,40,17,79
911,DOC,Real Estate,REIT—Healthcare Facilities,NYSE,106.83,80,62,64,21
912,VRRM,Industrials,Security & Protection Services,NASDAQ,106.82,80,86,87,70
913,OGI,Healthcare,Drug Manufacturers—Specialty & Generic,NASDAQ,106.8,80,49,56,84
914,OPK,Healthcare,Diagnostics & Research,NASDAQ,106.8,80,59,47,7
915,HSII,Industrials,Staffing & Employment Services,NASDAQ,106.78,80,79,78,76
916,FULT,Financial Services,Banks—Regional,NASDAQ,106.75,80,88,81,66
917,AZN,Healthcare,Drug Manufacturers—General,NASDAQ,106.73,80,69,72,33
918,PCTTU,Industrials,Pollution & Treatment Controls,NASDAQ,106.73,80,3,3,41
919,KIM,Real Estate,REIT—Retail,NYSE,106.7,80,63,39,50
920,NEE,Utilities,Utilities—Regulated Electric,NYSE,106.69,80,76,81,19
921,CHRW,Industrials,Integrated Freight & Logistics,NASDAQ,106.64,80,61,49,17
922,PNRG,Energy,Oil & Gas E&P,NASDAQ,106.64,80,70,68,36
923,OGCP,Real Estate,REIT—Diversified,NYSE ARCA,106.64,80,59,79,74
924,SATS,Technology,Communication Equipment,NASDAQ,106.64,80,77,87,28
925,KTB,Consumer Cyclical,Apparel Manufacturing,NYSE,106.63,80,81,91,79
926,CVCO,Consumer Cyclical,Residential Construction,NASDAQ,106.62,80,78,67,85
927,TFC,Financial Services,Banks—Regional,NYSE,106.58,80,80,75,46
928,JRS,Financial Services,Asset Management,NYSE,106.56,80,74,55,62
929,CCS,Consumer Cyclical,Residential Construction,NYSE,106.56,80,81,65,81
930,BKD,Healthcare,Medical Care Facilities,NYSE,106.53,80,95,90,88
931,EQX,Basic Materials,Gold,NYSE MKT,106.5,80,58,80,16
932,ESTC,Technology,Software—Application,NYSE,106.5,80,76,80,97
933,PBHC,Financial Services,Banks—Regional,NASDAQ,106.48,79,75,26,13
934,TPZ,Financial Services,Asset Management,NYSE,106.47,79,61,65,58
935,FCCO,Financial Services,Banks—Regional,NASDAQ,106.46,79,82,46,27
936,GMED,Healthcare,Medical Devices,NYSE,106.44,79,86,79,50
937,ITRI,Technology,Scientific & Technical Instruments,NASDAQ,106.4,79,84,92,90
938,ZG,Communication Services,Internet Content & Information,NASDAQ,106.4,79,39,18,78
939,RM,Financial Services,Credit Services,NYSE,106.39,79,54,62,26
940,GDYN,Technology,Information Technology Services,NASDAQ,106.37,79,55,21,65
941,GFI,Basic Materials,Gold,NYSE,106.35,79,50,81,39
942,SYBT,Financial Services,Banks—Regional,NASDAQ,106.33,79,85,45,35
943,IBM,Technology,Information Technology Services,NYSE,106.31,79,67,63,85
944,RMD,Healthcare,Medical Instruments & Supplies,NYSE,106.3,79,65,76,33
945,PEG,Utilities,Utilities—Diversified,NYSE,106.3,79,73,76,41
946,BJ,Consumer Defensive,Discount Stores,NYSE,106.26,79,81,84,59
947,ESQ,Financial Services,Banks—Regional,NASDAQ,106.26,79,73,40,61
948,SFBC,Financial Services,Banks—Regional,NASDAQ,106.21,79,59,46,49
949,KRG,Real Estate,REIT—Retail,NYSE,106.15,79,57,45,46
950,IMO,Energy,Oil & Gas Integrated,NYSE MKT,106.14,79,68,79,72
951,GTIM,Consumer Cyclical,Restaurants,NASDAQ,106.1,79,25,53,17
952,ZYME,Healthcare,Biotechnology,NASDAQ,106.09,79,80,26,90
953,CWEN,Utilities,Utilities—Renewable,NYSE,106.07,79,62,69,17
954,SSNC,Technology,Software—Application,NASDAQ,106.07,79,63,49,62
955,WSFS,Financial Services,Banks—Regional,NASDAQ,106.06,79,85,66,54
956,HASI,Real Estate,REIT—Specialty,NYSE,106.0,79,90,92,49
957,STKL,Consumer Defensive,Packaged Foods,NASDAQ,105.99,79,23,30,81
958,SPFI,Financial Services,Banks—Regional,NASDAQ,105.99,79,78,54,48
959,HOPE,Financial Services,Banks—Regional,NASDAQ,105.97,79,81,59,66
960,GLSI,Healthcare,Biotechnology,NASDAQ,105.94,79,94,74,54
961,OR,Basic Materials,Gold,NYSE,105.92,79,71,68,39
962,LPSN,Technology,Software—Application,NASDAQ,105.92,79,75,0,1
963,EIX,Utilities,Utilities—Regulated Electric,NYSE,105.89,79,63,66,46
964,KRO,Basic Materials,Specialty Chemicals,NYSE,105.88,79,82,94,48
965,CSV,Consumer Cyclical,Personal Services,NYSE,105.87,79,71,48,28
966,WHD,Energy,Oil & Gas Equipment & Services,NYSE,105.85,79,68,73,57
967,JBGS,Real Estate,REIT—Office,NYSE,105.85,79,54,34,67
968,JILL,Consumer Cyclical,Apparel Retail,NYSE,105.83,79,93,83,30
969,SHOP,Technology,Software—Application,NYSE,105.81,79,21,20,84
970,ING,Financial Services,Banks—Diversified,NYSE,105.76,79,83,88,39
971,FOUR,Technology,Software—Infrastructure,NYSE,105.69,79,49,43,81
972,RUSHA,Consumer Cyclical,Auto & Truck Dealerships,NASDAQ,105.67,79,48,52,79
973,LZB,Consumer Cyclical,"Furnishings, Fixtures & Appliances",NYSE,105.66,79,82,65,80
974,CYTK,Healthcare,Biotechnology,NASDAQ,105.65,79,70,54,97
975,PXS,Industrials,Marine Shipping,NASDAQ,105.65,79,76,80,43
976,NTGR,Technology,Communication Equipment,NASDAQ,105.64,79,58,33,50
977,USFD,Consumer Defensive,Food Distribution,NYSE,105.62,79,60,75,77
978,LILAK,Communication Services,Telecom Services,NASDAQ,105.56,78,86,76,16
979,WF,Financial Services,Banks—Regional,NYSE,105.56,78,52,55,73
980,ACT,Financial Services,Insuranceâ€”Specialty,NASDAQ,105.56,78,74,71,54
981,HAS,Consumer Cyclical,Leisure,NASDAQ,105.55,78,42,68,30
982,CROX,Consumer Cyclical,Footwear & Accessories,NASDAQ,105.54,78,70,89,64
983,MD,Healthcare,Medical Care Facilities,NYSE,105.5,78,9,11,14
984,PAR,Technology,Software—Application,NYSE,105.5,78,88,77,70
985,WTTR,Energy,Oil & Gas Equipment & Services,NYSE,105.48,78,82,85,64
986,RIGL,Healthcare,Biotechnology,NASDAQ,105.48,78,30,10,76
987,BCOW,Financial Services,Banks—Regional,NASDAQ,105.47,78,77,47,46
988,BWXT,Industrials,Aerospace & Defense,NYSE,105.47,78,76,70,90
989,KYN,Financial Services,Asset Management,NYSE,105.45,78,74,74,66
990,LILA,Communication Services,Telecom Services,NASDAQ,105.44,78,85,76,16
991,TTMI,Technology,Electronic Components,NASDAQ,105.44,78,94,83,45
992,INGR,Consumer Defensive,Packaged Foods,NYSE,105.42,78,60,59,69
993,BTI,Consumer Defensive,Tobacco,NYSE,105.37,78,65,42,28
994,VTOL,Energy,Oil & Gas Equipment & Services,NYSE,105.36,78,85,88,42
995,BY,Financial Services,Banks—Regional,NYSE,105.34,78,87,70,41
996,SUPN,Healthcare,Drug Manufacturers—Specialty & Generic,NASDAQ,105.34,78,47,23,30
997,CNA,Financial Services,Insurance—Property & Casualty,NYSE,105.32,78,68,64,67
998,ELF,Consumer Defensive,Household & Personal Products,NYSE,105.31,78,79,89,97
999,DLNG,Energy,Oil & Gas Midstream,NYSE,105.29,78,80,91,60
1000,NBIX,Healthcare,Biotechnology,NASDAQ,105.26,78,70,77,78
1001,BOKF,Financial Services,Banks—Regional,NASDAQ,105.23,78,77,70,50
1002,SHW,Basic Materials,Specialty Chemicals,NYSE,105.23,78,68,57,84
1003,ITGR,Healthcare,Medical Devices,NYSE,105.22,78,82,86,84
1004,PFSI,Financial Services,Mortgage Finance,NYSE,105.22,78,70,79,75
1005,PH,Industrials,Specialty Industrial Machinery,NYSE,105.22,78,67,78,88
1006,MITT,Real Estate,REIT—Mortgage,NYSE,105.22,78,87,79,62
1007,SO,Utilities,Utilities—Regulated Electric,NYSE,105.22,78,67,67,35
1008,CVEO,Industrials,Specialty Business Services,NYSE,105.21,78,62,73,67
1009,MU,Technology,Semiconductors,NASDAQ,105.19,78,83,95,84
1010,PKG,Consumer Cyclical,Packaging & Containers,NYSE,105.19,78,72,74,77
1011,MAS,Industrials,Building Products & Equipment,NYSE,105.19,78,63,64,88
1012,BNL,Real Estate,REIT—Diversified,NYSE,105.17,78,73,42,29
1013,SMBK,Financial Services,Banks—Regional,NYSE,105.16,78,78,50,28
1014,AAPL,Technology,Consumer Electronics,NASDAQ,105.14,78,75,48,43
1015,IRS,Industrials,Conglomerates,NYSE,105.13,78,71,86,33
1016,ZION,Financial Services,Banks—Regional,NASDAQ,105.11,78,85,80,61
1017,PNFP,Financial Services,Banks—Regional,NASDAQ,105.1,78,76,70,80
1018,CTBI,Financial Services,Banks—Regional,NASDAQ,105.03,78,81,69,52
1019,S,Technology,Software—Infrastructure,NYSE,105.0,78,75,41,93
1020,GHRS,Healthcare,Biotechnology,NASDAQ,104.99,78,84,93,52
1021,CYD,Industrials,Specialty Industrial Machinery,NYSE,104.99,78,60,26,30
1022,CPNG,Consumer Cyclical,Internet Retail,NYSE,104.98,78,48,86,66
1023,TIL,Healthcare,Biotechnology,NASDAQ,104.95,78,79,57,84
1024,EXPO,Industrials,Consulting Services,NASDAQ,104.95,78,76,71,27
1025,EXP,Basic Materials,Building Materials,NYSE,104.93,77,56,75,92
1026,RGLD,Basic Materials,Gold,NASDAQ,104.93,77,67,69,18
1027,CARR,Industrials,Building Products & Equipment,NYSE,104.93,77,78,83,66
1028,MEDP,Healthcare,Diagnostics & Research,NASDAQ,104.92,77,80,87,94
1029,SITM,Technology,Semiconductors,NASDAQ,104.89,77,93,77,13
1030,BMI,Industrials,Electrical Equipment & Parts,NYSE,104.89,77,78,85,62
1031,HONE,Financial Services,Banks—Regional,NASDAQ,104.89,77,83,56,35
1032,HRMY,Healthcare,Biotechnology,NASDAQ,104.88,77,68,25,29
1033,DUK,Utilities,Utilities—Regulated Electric,NYSE,104.87,77,68,69,45
1034,VRTX,Healthcare,Biotechnology,NASDAQ,104.87,77,79,77,80
1035,IBKR,Financial Services,Capital Markets,NASDAQ,104.85,77,78,89,85
1036,BHLB,Financial Services,Banks—Regional,NYSE,104.85,77,80,51,34
1037,PRDO,Consumer Defensive,Education & Training Services,NASDAQ,104.85,77,89,92,71
1038,HEAR,Technology,Consumer Electronics,NASDAQ,104.84,77,86,92,51
1039,GNRC,Industrials,Specialty Industrial Machinery,NYSE,104.82,77,79,84,33
1040,SLM,Financial Services,Credit Services,NASDAQ,104.81,77,84,82,90
1041,FFIN,Financial Services,Banks—Regional,NASDAQ,104.8,77,83,51,59
1042,ITRG,Basic Materials,Other Precious Metals & Mining,NYSE MKT,104.79,77,78,85,18
1043,CUBE,Real Estate,REIT—Industrial,NYSE,104.72,77,67,43,48
1044,MBIN,Financial Services,Banks—Regional,NASDAQ,104.71,77,91,82,91
1045,OHI,Real Estate,REIT—Healthcare Facilities,NYSE,104.67,77,67,43,44
1046,RGA,Financial Services,Insurance—Reinsurance,NYSE,104.64,77,84,85,72
1047,CBNK,Financial Services,Banks—Regional,NASDAQ,104.63,77,80,51,49
1048,ARDC,Financial Services,Asset Management,NYSE,104.57,77,71,72,69
1049,NFBK,Financial Services,Banks—Regional,NASDAQ,104.54,77,79,25,31
1050,UE,Real Estate,REIT—Diversified,NYSE,104.54,77,71,55,57
1051,CADE,Financial Services,Banks—Regional,NYSE,104.53,77,84,77,76
1052,CINF,Financial Services,Insurance—Property & Casualty,NASDAQ,104.52,77,55,64,60
1053,IX,Financial Services,Credit Services,NYSE,104.52,77,71,64,70
1054,MUX,Basic Materials,Other Precious Metals & Mining,NYSE,104.5,77,43,95,13
1055,AVB,Real Estate,REIT—Residential,NYSE,104.47,77,63,67,45
1056,DRRX,Healthcare,Drug Manufacturers—Specialty & Generic,NASDAQ,104.47,77,89,46,11
1057,UL,Consumer Defensive,Household & Personal Products,NYSE,104.43,77,64,58,36
1058,UVE,Financial Services,Insurance—Property & Casualty,NYSE,104.42,77,62,72,81
1059,SPG,Real Estate,REIT—Retail,NYSE,104.4,77,65,75,80
1060,ULH,Industrials,Trucking,NASDAQ,104.37,77,92,94,80
1061,KMI,Energy,Oil & Gas Midstream,NYSE,104.37,77,75,69,49
1062,CBT,Basic Materials,Specialty Chemicals,NYSE,104.36,77,78,87,67
1063,TRMK,Financial Services,Banks—Regional,NASDAQ,104.35,77,83,78,64
1064,UNTY,Financial Services,Banks—Regional,NASDAQ,104.33,77,82,56,51
1065,DALN,Communication Services,Publishing,NASDAQ,104.32,77,16,46,50
1066,COLL,Healthcare,Drug Manufacturers—Specialty & Generic,NASDAQ,104.32,77,76,78,91
1067,EVBN,Financial Services,Banks—Regional,NYSE MKT,104.32,77,76,44,49
1068,WCN,Industrials,Waste Management,NYSE,104.29,77,70,63,76
1069,KMPR,Financial Services,Insurance—Property & Casualty,NYSE,104.27,77,72,76,76
1070,MBWM,Financial Services,Banks—Regional,NASDAQ,104.26,77,87,72,70
1071,SMG,Basic Materials,Agricultural Inputs,NYSE,104.26,77,57,62,52
1072,AWP,Financial Services,Asset Management,NYSE,104.25,76,70,59,46
1073,KIO,Financial Services,Asset Management,NYSE,104.22,76,72,71,75
1074,RSG,Industrials,Waste Management,NYSE,104.21,76,70,69,79
1075,PEGA,Technology,Software—Application,NASDAQ,104.21,76,73,61,83
1076,JRI,Financial Services,Asset Management,NYSE,104.2,76,71,56,52
1077,EXLS,Technology,Information Technology Services,NASDAQ,104.19,76,63,47,48
1078,NRO,Financial Services,Asset Management,NYSE MKT,104.19,76,65,49,59
1079,KNSL,Financial Services,Insurance—Property & Casualty,NYSE,104.18,76,20,35,92
1080,NOW,Technology,Software—Application,NYSE,104.17,76,53,67,86
1081,CCD,Financial Services,Asset Management,NASDAQ,104.16,76,70,70,58
1082,ARLP,Energy,Thermal Coal,NASDAQ,104.16,76,82,82,42
1083,FRBA,Financial Services,Banks—Regional,NASDAQ,104.16,76,76,42,64
1084,HLIT,Technology,Communication Equipment,NASDAQ,104.14,76,51,31,51
1085,MTB,Financial Services,Banks—Regional,NYSE,104.14,76,81,74,57
1086,GNLN,Healthcare,Pharmaceutical Retailers,NASDAQ,104.14,76,3,21,3
1087,ARMK,Consumer Cyclical,Restaurants,NYSE,104.08,76,58,63,59
1088,ARLO,Industrials,Security & Protection Services,NYSE,104.08,76,94,84,90
1089,NYT,Communication Services,Publishing,NYSE,104.04,76,79,73,49
1090,CMRE,Industrials,Marine Shipping,NYSE,104.04,76,89,93,75
1091,CBSH,Financial Services,Banks—Regional,NASDAQ,104.03,76,76,59,38
1092,SENEB,Consumer Defensive,Packaged Foods,NASDAQ,104.0,76,72,35,49
1093,CHW,Financial Services,Asset Management,NASDAQ,103.99,76,72,74,62
1094,IBOC,Financial Services,Banks—Regional,NASDAQ,103.96,76,84,79,69
1095,MMSI,Healthcare,Medical Instruments & Supplies,NASDAQ,103.96,76,67,55,51
1096,ARAY,Healthcare,Medical Devices,NASDAQ,103.95,76,10,4,22
1097,OUT,Real Estate,REIT—Specialty,NYSE,103.92,76,60,52,50
1098,CRMD,Healthcare,Biotechnology,NASDAQ,103.9,76,73,85,23
1099,SMAR,Technology,Software—Application,NYSE,103.89,76,65,28,32
1100,CTLT,Healthcare,Drug Manufacturers—Specialty & Generic,NYSE,103.89,76,67,74,82
1101,CMI,Industrials,Specialty Industrial Machinery,NYSE,103.85,76,57,76,74
1102,CNM,Industrials,Industrial Distribution,NYSE,103.85,76,81,95,94
1103,AXSM,Healthcare,Biotechnology,NASDAQ,103.85,76,68,41,67
1104,HR,Real Estate,REIT—Healthcare Facilities,NYSE,103.84,76,69,58,17
1105,AFRM,Technology,Information Technology Services,NASDAQ,103.84,76,42,84,96
1106,PBBK,Financial Services,Banks—Regional,NASDAQ,103.78,76,69,38,67
1107,JPC,Financial Services,Asset Management,NYSE,103.76,76,70,66,64
1108,WMB,Energy,Oil & Gas Midstream,NYSE,103.74,76,68,73,56
1109,T,Communication Services,Telecom Services,NYSE,103.73,76,72,61,45
1110,CRDF,Healthcare,Biotechnology,NASDAQ,103.71,76,82,98,74
1111,TRN,Industrials,Railroads,NYSE,103.67,76,81,82,44
1112,EHC,Healthcare,Medical Care Facilities,NYSE,103.66,76,76,79,71
1113,TER,Technology,Semiconductor Equipment & Materials,NASDAQ,103.64,76,88,91,47
1114,HYB,Financial Services,Asset Management,NYSE,103.62,76,58,58,62
1115,AEP,Utilities,Utilitiesâ€”Regulated Electric,NASDAQ,103.61,76,70,62,52
1116,SEM,Healthcare,Medical Care Facilities,NYSE,103.59,76,90,77,50
1117,CDXS,Healthcare,Biotechnology,NASDAQ,103.58,75,89,81,96
1118,AZO,Consumer Cyclical,Specialty Retail,NYSE,103.58,75,49,45,72
1119,SAFE,Real Estate,REIT—Diversified,NYSE,103.58,75,63,29,16
1120,MFC,Financial Services,Insurance—Life,NYSE,103.53,75,78,85,80
1121,UIS,Technology,Information Technology Services,NYSE,103.51,75,30,28,66
1122,CHEF,Consumer Defensive,Food Distribution,NASDAQ,103.51,75,90,76,82
1123,PLXS,Technology,Electronic Components,NASDAQ,103.5,75,73,72,30
1124,BTO,Financial Services,Asset Management,NYSE,103.49,75,70,55,52
1125,TDG,Industrials,Aerospace & Defense,NYSE,103.48,75,74,89,87
1126,ROIC,Real Estate,REIT—Retail,NASDAQ,103.48,75,34,31,36
1127,BXP,Real Estate,REIT—Office,NYSE,103.47,75,57,50,66
1128,ADX,Financial Services,Asset Management,NYSE,103.43,75,77,78,74
1129,DEA,Real Estate,REIT—Office,NYSE,103.4,75,68,39,26
1130,LITE,Technology,Communication Equipment,NASDAQ,103.4,75,68,33,37
1131,FUBO,Communication Services,Broadcasting,NYSE,103.39,75,9,6,26
1132,CHUY,Consumer Cyclical,Restaurants,NASDAQ,103.38,75,55,11,25
1133,MDGL,Healthcare,Biotechnology,NASDAQ,103.37,75,93,45,55
1134,ARES,Financial Services,Asset Management,NYSE,103.37,75,79,88,88
1135,FA,Industrials,Specialty Business Services,NASDAQ,103.36,75,54,64,65
1136,MLAB,Technology,Scientific & Technical Instruments,NASDAQ,103.35,75,41,34,28
1137,WNEB,Financial Services,Banks—Regional,NASDAQ,103.34,75,75,31,61
1138,EBC,Financial Services,Banks—Regional,NASDAQ,103.34,75,79,60,46
1139,GIFI,Energy,Oil & Gas Equipment & Services,NASDAQ,103.34,75,87,96,84
1140,ENV,Technology,Software—Application,NYSE,103.33,75,66,90,56
1141,NYC,Real Estate,REIT—Office,NYSE,103.32,75,71,78,20
1142,HAFC,Financial Services,Banks—Regional,NASDAQ,103.32,75,79,42,23
1143,AROC,Energy,Oil & Gas Equipment & Services,NYSE,103.3,75,92,92,93
1144,SF,Financial Services,Capital Markets,NYSE,103.3,75,74,77,76
1145,VMI,Industrials,Metal Fabrication,NYSE,103.3,75,67,59,18
1146,MTSI,Technology,Semiconductors,NASDAQ,103.28,75,72,85,71
1147,AMRK,Financial Services,Capital Markets,NASDAQ,103.27,75,56,86,18
1148,TWN,Financial Services,Asset Management,NYSE,103.25,75,74,77,81
1149,EDF,Financial Services,Asset Management,NYSE,103.24,75,74,88,70
1150,BUSE,Financial Services,Banks—Regional,NASDAQ,103.24,75,80,62,60
1151,ADV,Communication Services,Advertising Agencies,NASDAQ,103.23,75,54,77,93
1152,ECL,Basic Materials,Specialty Chemicals,NYSE,103.23,75,80,77,81
1153,FSLR,Technology,Solar,NASDAQ,103.23,75,83,96,19
1154,YPF,Energy,Oil & Gas Integrated,NYSE,103.16,75,75,89,77
1155,BPRN,Financial Services,Banks—Regional,NASDAQ,103.14,75,75,51,42
1156,FTI,Energy,Oil & Gas Equipment & Services,NYSE,103.13,75,80,88,80
1157,MFA,Real Estate,REIT—Mortgage,NYSE,103.13,75,61,56,61
1158,CARE,Financial Services,Banks—Regional,NASDAQ,103.07,75,84,32,28
1159,AVDL,Healthcare,Drug Manufacturers—Specialty & Generic,NASDAQ,103.06,75,64,76,55
1160,AOMR,Real Estate,REITâ€”Mortgage,NYSE,103.05,75,82,90,82
1161,TRTX,Real Estate,REIT—Mortgage,NYSE,103.05,75,82,84,63
1162,OFIX,Healthcare,Medical Devices,NASDAQ,103.04,75,73,39,18
1163,OKE,Energy,Oil & Gas Midstream,NYSE,103.04,75,60,75,69
1164,SSB,Financial Services,Banks—Regional,NYSE,103.04,75,73,46,69
1165,ESNT,Financial Services,Mortgage Finance,NYSE,103.01,74,69,68,68
1166,RF,Financial Services,Banks—Regional,NYSE,102.99,74,73,54,42
1167,MSD,Financial Services,Asset Management,NYSE,102.98,74,72,65,68
1168,ALX,Real Estate,REITâ€”Retail,NYSE,102.96,74,76,69,77
1169,DPG,Financial Services,Asset Management,NYSE,102.94,74,71,52,23
1170,PYPL,Financial Services,Credit Services,NASDAQ,102.93,74,24,45,31
1171,CZWI,Financial Services,Banks—Regional,NASDAQ,102.93,74,74,58,66
1172,RBCAA,Financial Services,Banks—Regional,NASDAQ,102.92,74,85,67,55
1173,EQR,Real Estate,REIT—Residential,NYSE,102.92,74,65,64,42
1174,FRT,Real Estate,REIT—Retail,NYSE,102.89,74,55,52,53
1175,NI,Utilities,Utilities—Regulated Gas,NYSE,102.88,74,65,51,35
1176,CPB,Consumer Defensive,Packaged Foods,NASDAQ,102.87,74,47,50,34
1177,GAM,Financial Services,Asset Management,NYSE,102.86,74,73,71,66
1178,ESP,Industrials,Electrical Equipment & Parts,NYSE MKT,102.86,74,67,65,90
1179,CERS,Healthcare,Biotechnology,NASDAQ,102.85,74,85,29,55
1180,ITCI,Healthcare,Biotechnology,NASDAQ,102.83,74,75,44,76
1181,TVTX,Healthcare,Biotechnology,NASDAQ,102.83,74,84,8,10
1182,NTG,Financial Services,Asset Management,NYSE,102.83,74,72,69,49
1183,SNDL,Healthcare,Drug Manufacturers—Specialty & Generic,NASDAQ,102.82,74,89,92,20
1184,CIG,Utilities,Utilities—Diversified,NYSE,102.82,74,43,74,67
1185,AVNT,Basic Materials,Specialty Chemicals,NYSE,102.81,74,67,75,57
1186,LFMDP,Healthcare,Pharmaceutical Retailers,NASDAQ,102.8,74,67,76,77
1187,AJG,Financial Services,Insurance Brokers,NYSE,102.78,74,70,56,62
1188,GAN,Consumer Cyclical,Gambling,NASDAQ,102.77,74,67,25,45
1189,RDY,Healthcare,Drug Manufacturers—Specialty & Generic,NYSE,102.76,74,66,41,77
1190,BLX,Financial Services,Banks—Regional,NYSE,102.75,74,85,83,82
1191,DEI,Real Estate,REIT—Office,NYSE,102.75,74,68,62,52
1192,MANH,Technology,Software—Application,NASDAQ,102.73,74,77,52,85
1193,ESI,Basic Materials,Specialty Chemicals,NYSE,102.72,74,79,71,70
1194,CGC,Healthcare,Drug Manufacturers—Specialty & Generic,NASDAQ,102.71,74,82,98,2
1195,CCNE,Financial Services,Banks—Regional,NASDAQ,102.71,74,85,50,44
1196,GEL,Energy,Oil & Gas Midstream,NYSE,102.7,74,79,73,55
1197,HNW,Financial Services,Asset Management,NYSE MKT,102.7,74,65,70,68
1198,GRC,Industrials,Specialty Industrial Machinery,NYSE,102.69,74,77,54,83
1199,KAI,Industrials,Specialty Industrial Machinery,NYSE,102.69,74,85,56,92
1200,MSGE,Communication Services,Entertainment,NYSE,102.68,74,55,43,73
1201,CNX,Energy,Oil & Gas E&P,NYSE,102.68,74,64,81,65
1202,PSA,Real Estate,REIT—Industrial,NYSE,102.65,74,52,37,44
1203,IHT,Real Estate,REIT—Hotel & Motel,NYSE MKT,102.65,74,48,22,55
1204,SPNS,Technology,Software—Application,NASDAQ,102.65,74,88,78,75
1205,FFBC,Financial Services,Banks—Regional,NASDAQ,102.64,74,75,61,51
1206,SB,Industrials,Marine Shipping,NYSE,102.62,74,89,90,84
1207,C,Financial Services,Banks—Diversified,NYSE,102.6,74,80,87,78
1208,WAB,Industrials,Railroads,NYSE,102.57,74,75,91,84
1209,MAA,Real Estate,REIT—Residential,NYSE,102.57,74,53,44,26
1210,DCOM,Financial Services,Banks—Regional,NASDAQ,102.55,74,73,41,24
1211,BHB,Financial Services,Banks—Regional,NYSE MKT,102.53,74,80,51,36
1212,FISK,Real Estate,REIT—Diversified,NYSE ARCA,102.52,73,92,67,82
1213,ORI,Financial Services,Insurance—Diversified,NYSE,102.5,73,55,66,52
1214,AMT,Real Estate,REITâ€”Specialty,NYSE,102.47,73,73,41,46
1215,TCBK,Financial Services,Banks—Regional,NASDAQ,102.47,73,82,59,23
1216,AUB,Financial Services,Banks—Regional,NYSE,102.46,73,83,57,62
1217,FPF,Financial Services,Asset Management,NYSE,102.46,73,71,67,68
1218,DB,Financial Services,Banks—Regional,NYSE,102.44,73,74,92,68
1219,BANX,Financial Services,Asset Management,NASDAQ,102.43,73,68,62,69
1220,SRCE,Financial Services,Banks—Regional,NASDAQ,102.42,73,77,56,54
1221,GBAB,Financial Services,Asset Management,NYSE,102.41,73,48,53,50
1222,WDC,Technology,Computer Hardware,NASDAQ,102.4,73,87,94,88
1223,D,Utilities,Utilities—Regulated Electric,NYSE,102.4,73,60,64,39
1224,HLT,Consumer Cyclical,Lodging,NYSE,102.37,73,75,76,86
1225,SPGI,Financial Services,Financial Data & Stock Exchanges,NYSE,102.37,73,69,57,61
1226,NTB,Financial Services,Banks—Diversified,NYSE,102.35,73,76,78,45
1227,ORCL,Technology,Software—Infrastructure,NYSE,102.35,73,75,59,44
1228,BX,Financial Services,Asset Management,NYSE,102.34,73,78,73,83
1229,NSIT,Technology,Information Technology Services,NASDAQ,102.32,73,83,85,83
1230,CCB,Financial Services,Banks—Regional,NASDAQ,102.32,73,74,67,31
1231,NMR,Financial Services,Capital Markets,NYSE,102.31,73,75,87,90
1232,PBFS,Financial Services,Banks—Regional,NASDAQ,102.27,73,78,64,42
1233,PWR,Industrials,Engineering & Construction,NYSE,102.26,73,73,89,84
1234,CWST,Industrials,Waste Management,NASDAQ,102.25,73,74,68,60
1235,KODK,Industrials,Specialty Business Services,NYSE,102.24,73,83,82,83
1236,UTL,Utilities,Utilities—Diversified,NYSE,102.22,73,72,42,40
1237,BYFC,Financial Services,Banks—Regional,NASDAQ,102.22,73,19,10,11
1238,MRVI,Healthcare,Biotechnology,NASDAQ,102.2,73,51,84,32
1239,BCPC,Basic Materials,Specialty Chemicals,NASDAQ,102.16,73,83,63,75
1240,TXN,Technology,Semiconductors,NASDAQ,102.15,73,67,76,41
1241,CHCO,Financial Services,Banks—Regional,NASDAQ,102.14,73,74,57,57
1242,HTBK,Financial Services,Banks—Regional,NASDAQ,102.12,73,74,43,33
1243,AIZ,Financial Services,Insuranceâ€”Specialty,NYSE,102.1,73,51,59,83
1244,COGT,Healthcare,Biotechnology,NASDAQ,102.1,73,84,33,9
1245,APOG,Industrials,Building Products & Equipment,NASDAQ,102.08,73,76,89,83
1246,MDRRP,Real Estate,REIT—Diversified,NASDAQ,102.08,73,64,83,78
1247,LANDO,Real Estate,REIT—Industrial,NASDAQ,102.08,73,63,48,39
1248,SBRA,Real Estate,REIT—Healthcare Facilities,NASDAQ,102.07,73,75,63,55
1249,ROL,Consumer Cyclical,Personal Services,NYSE,102.05,73,75,65,64
1250,ASND,Healthcare,Biotechnology,NASDAQ,102.04,73,70,72,92
1251,AMGN,Healthcare,Drug Manufacturersâ€”General,NASDAQ,102.03,73,79,76,62
1252,ACGL,Financial Services,Insuranceâ€”Diversified,NASDAQ,102.03,73,59,82,66
1253,POST,Consumer Defensive,Packaged Foods,NYSE,102.01,73,66,66,73
1254,CNOB,Financial Services,Banks—Regional,NASDAQ,102.0,73,74,68,55
1255,AXR,Real Estate,Real Estate Services,NYSE,101.99,73,51,65,87
1256,PFC,Financial Services,Banks—Regional,NASDAQ,101.98,73,80,63,42
1257,HOMB,Financial Services,Banks—Regional,NYSE,101.97,73,72,53,50
1258,TRNO,Real Estate,REIT—Industrial,NYSE,101.95,73,71,28,55
1259,CBFV,Financial Services,Banks—Regional,NASDAQ,101.92,72,56,58,50
1260,LNT,Utilities,Utilities—Regulated Electric,NASDAQ,101.92,72,59,43,31
1261,IGMS,Healthcare,Biotechnology,NASDAQ,101.91,72,95,48,89
1262,MRCY,Industrials,Aerospace & Defense,NASDAQ,101.9,72,51,27,11
1263,CAC,Financial Services,Banks—Regional,NASDAQ,101.85,72,78,44,30
1264,FDP,Consumer Defensive,Farm Products,NYSE,101.85,72,26,34,28
1265,ROST,Consumer Cyclical,Apparel Retail,NASDAQ,101.84,72,60,61,79
1266,CATY,Financial Services,Banks—Regional,NASDAQ,101.77,72,72,44,61
1267,MGEE,Utilities,Utilities—Diversified,NASDAQ,101.76,72,64,66,21
1268,HWC,Financial Services,Banks—Regional,NASDAQ,101.76,72,83,69,52
1269,NWBI,Financial Services,Banks—Regional,NASDAQ,101.74,72,74,38,38
1270,HPS,Financial Services,Asset Management,NYSE,101.74,72,69,69,68
1271,CIX,Industrials,Security & Protection Services,NYSE MKT,101.74,72,39,78,64
1272,LINC,Consumer Defensive,Education & Training Services,NASDAQ,101.71,72,94,87,83
1273,ERO,Basic Materials,Copper,NYSE,101.71,72,54,88,62
1274,PRQR,Healthcare,Biotechnology,NASDAQ,101.71,72,50,55,74
1275,FHB,Financial Services,Banks—Regional,NASDAQ,101.71,72,72,60,55
1276,GFF,Industrials,Tools & Accessories,NYSE,101.7,72,86,91,96
1277,OGN,Healthcare,Drug Manufacturers—General,NYSE,101.69,72,72,79,56
1278,WIT,Technology,Information Technology Services,NYSE,101.69,72,60,43,81
1279,AMG,Financial Services,Asset Management,NYSE,101.69,72,59,63,62
1280,ETR,Utilities,Utilities—Regulated Electric,NYSE,101.67,72,61,65,46
1281,ACNB,Financial Services,Banksâ€”Regional,NASDAQ,101.67,72,53,28,43
1282,EGAN,Technology,Software—Application,NASDAQ,101.66,72,51,32,16
1283,MAIN,Financial Services,Asset Management,NYSE,101.66,72,71,76,70
1284,PCB,Financial Services,Banks—Regional,NASDAQ,101.64,72,64,35,41
1285,RL,Consumer Cyclical,Apparel Manufacturing,NYSE,101.64,72,66,82,93
1286,TWKS,Technology,Information Technology Services,NASDAQ,101.61,72,20,10,5
1287,FFIV,Technology,Software—Infrastructure,NASDAQ,101.61,72,35,41,71
1288,CBOE,Financial Services,Financial Data & Stock Exchanges,BATS,101.61,72,53,58,81
1289,KEN,Utilities,Utilities—Regulated Electric,NYSE,101.6,72,85,72,52
1290,KRNT,Industrials,Specialty Industrial Machinery,NASDAQ,101.58,72,20,11,21
1291,TRST,Financial Services,Banks—Regional,NASDAQ,101.56,72,74,40,26
1292,CODA,Industrials,Aerospace & Defense,NASDAQ,101.55,72,32,37,16
1293,CCBG,Financial Services,Banks—Regional,NASDAQ,101.54,72,69,32,31
1294,ATRI,Healthcare,Medical Instruments & Supplies,NASDAQ,101.53,72,66,77,26
1295,AVK,Financial Services,Asset Management,NYSE,101.52,72,71,66,66
1296,DRD,Basic Materials,Gold,NYSE,101.51,72,62,56,9
1297,NWS,Communication Services,Broadcasting,NASDAQ,101.51,72,73,75,87
1298,HBANM,Financial Services,Banks—Regional,NASDAQ,101.51,72,59,58,62
1299,BGH,Financial Services,Asset Management,NYSE,101.5,72,66,64,67
1300,LSBK,Financial Services,Banks—Regional,NASDAQ,101.48,72,73,69,43
1301,HCKT,Technology,Information Technology Services,NASDAQ,101.46,72,52,31,71
1302,JWN,Consumer Cyclical,Department Stores,NYSE,101.45,72,71,82,84
1303,GRX,Financial Services,Asset Management,NYSE,101.45,72,59,46,57
1304,OKTA,Technology,Software—Infrastructure,NASDAQ,101.44,72,62,76,89
1305,GHSI,Healthcare,Drug Manufacturers—Specialty & Generic,NASDAQ,101.43,71,91,82,82
1306,PB,Financial Services,Banks—Regional,NYSE,101.43,71,67,46,42
1307,HPQ,Technology,Computer Hardware,NYSE,101.43,71,85,65,36
1308,EOI,Financial Services,Asset Management,NYSE,101.43,71,67,70,71
1309,AGNC,Real Estate,REITâ€”Mortgage,NASDAQ,101.43,71,65,66,57
1310,WSO,Industrials,Industrial Distribution,NYSE,101.41,71,75,86,64
1311,SIF,Industrials,Aerospace & Defense,NYSE MKT,101.4,71,59,57,33
1312,BCH,Financial Services,Banks—Regional,NYSE,101.39,71,62,73,57
1313,NVO,Healthcare,Biotechnology,NYSE,101.39,71,79,86,86
1314,BDSX,Healthcare,Diagnostics & Research,NASDAQ,101.39,71,69,29,33
1315,SANM,Technology,Electronic Components,NASDAQ,101.38,71,80,75,70
1316,SCS,Industrials,Business Equipment & Supplies,NYSE,101.36,71,78,85,92
1317,ABEO,Healthcare,Biotechnology,NASDAQ,101.34,71,88,21,97
1318,SNEX,Financial Services,Capital Markets,NASDAQ,101.32,71,78,74,64
1319,OII,Energy,Oil & Gas Equipment & Services,NYSE,101.31,71,54,70,36
1320,AAN,Consumer Cyclical,Specialty Retail,NYSE,101.3,71,55,13,9
1321,CTO,Real Estate,REIT—Diversified,NYSE,101.3,71,69,58,48
1322,NMS,Financial Services,Asset Management,NYSE,101.26,71,60,39,41
1323,CWBC,Financial Services,Banks—Regional,NASDAQ,101.26,71,63,51,59
1324,BKE,Consumer Cyclical,Apparel Retail,NYSE,101.25,71,60,47,73
1325,NOVT,Technology,Scientific & Technical Instruments,NASDAQ,101.25,71,66,51,65
1326,CCEP,Consumer Defensive,Beverages—Non-Alcoholic,NASDAQ,101.25,71,61,66,68
1327,BAC,Financial Services,Banks—Diversified,NYSE,101.24,71,83,84,69
1328,OBT,Financial Services,Banks—Regional,NASDAQ,101.2,71,86,68,43
1329,RELX,Communication Services,Publishing,NYSE,101.2,71,69,76,82
1330,FEMY,Healthcare,Medical Instruments & Supplies,NASDAQ,101.19,71,92,92,98
1331,SENEA,Consumer Defensive,Packaged Foods,NASDAQ,101.19,71,71,79,43
1332,LPTX,Healthcare,Biotechnology,NASDAQ,101.18,71,17,16,17
1333,RY,Financial Services,Banks—Diversified,NYSE,101.18,71,68,68,53
1334,WEYS,Consumer Cyclical,Footwear & Accessories,NASDAQ,101.16,71,63,43,70
1335,BWB,Financial Services,Banks—Regional,NASDAQ,101.15,71,73,60,61
1336,GBR,Real Estate,Real Estate Services,NYSE MKT,101.11,71,80,80,32
1337,LNC,Financial Services,Insurance—Life,NYSE,101.1,71,78,87,67
1338,CEPU,Utilities,Utilities—Regulated Electric,NYSE,101.1,71,60,87,74
1339,GOF,Financial Services,Asset Management,NYSE,101.09,71,70,61,45
1340,WOW,Communication Services,Entertainment,NYSE,101.09,71,61,26,6
1341,LEGH,Consumer Cyclical,Residential Construction,NASDAQ,101.07,71,79,44,74
1342,TDS,Communication Services,Telecom Services,NYSE,101.07,71,91,92,69
1343,FDX,Industrials,Integrated Freight & Logistics,NYSE,101.03,71,69,42,51
1344,BBN,Financial Services,Asset Management,NYSE,101.03,71,50,42,45
1345,KSM,Financial Services,Asset Management,NYSE,101.03,71,69,71,56
1346,SHBI,Financial Services,Banks—Regional,NASDAQ,101.01,71,73,38,24
1347,ASML,Technology,Semiconductor Equipment & Materials,NASDAQ,101.0,71,64,80,89
1348,NWSA,Communication Services,Broadcasting,NASDAQ,100.99,71,73,75,85
1349,GAIA,Communication Services,Internet Content & Information,NASDAQ,100.97,71,95,95,54
1350,FORM,Technology,Semiconductors,NASDAQ,100.97,71,92,94,79
1351,WES,Energy,Oil & Gas Midstream,NYSE,100.94,70,84,82,77
1352,AMCR,Consumer Cyclical,Packaging & Containers,NYSE,100.94,70,59,60,28
1353,TRP,Energy,Oil & Gas Midstream,NYSE,100.93,70,62,39,46
1354,GHY,Financial Services,Asset Management,NYSE,100.92,70,66,63,60
1355,NVS,Healthcare,Drug Manufacturers—General,NYSE,100.91,70,50,37,51
1356,TW,Financial Services,Capital Markets,NASDAQ,100.89,70,71,80,83
1357,TMQ,Basic Materials,Other Industrial Metals & Mining,NYSE MKT,100.89,70,89,61,23
1358,WRB,Financial Services,Insurance—Property & Casualty,NYSE,100.89,70,55,66,82
1359,FHN,Financial Services,Banks—Regional,NYSE,100.87,70,77,83,58
1360,MFG,Financial Services,Banks—Regional,NYSE,100.87,70,76,74,69
1361,PSO,Communication Services,Publishing,NYSE,100.86,70,56,52,60
1362,GMS,Industrials,Building Products & Equipment,NYSE,100.86,70,68,81,86
1363,HITI,Healthcare,Pharmaceutical Retailers,NASDAQ,100.86,70,60,94,79
1364,APPS,Technology,Softwareâ€”Application,NASDAQ,100.86,70,7,2,2
1365,KALV,Healthcare,Biotechnology,NASDAQ,100.84,70,90,42,92
1366,DMO,Financial Services,Asset Management,NYSE,100.84,70,69,67,64
1367,PRI,Financial Services,Insurance—Life,NYSE,100.84,70,65,50,77
1368,SCWX,Technology,Software—Infrastructure,NASDAQ,100.83,70,68,25,35
1369,REG,Real Estate,REIT—Retail,NASDAQ,100.83,70,45,37,41
1370,OSW,Consumer Cyclical,Leisure,NASDAQ,100.83,70,89,80,65
1371,IONS,Healthcare,Biotechnology,NASDAQ,100.82,70,65,18,50
1372,VLGEA,Consumer Defensive,Grocery Stores,NASDAQ,100.81,70,61,82,71
1373,GSAT,Communication Services,Telecom Services,NYSE MKT,100.81,70,25,17,67
1374,HBCP,Financial Services,Banks—Regional,NASDAQ,100.8,70,71,56,48
1375,ETY,Financial Services,Asset Management,NYSE,100.8,70,67,70,67
1376,COR,Real Estate,REIT—Office,NYSE,100.8,70,46,58,84
1377,OUST,Technology,Electronic Components,NYSE,100.78,70,99,98,19
1378,NAK,Basic Materials,Other Industrial Metals & Mining,NYSE MKT,100.77,70,84,85,17
1379,CMA,Financial Services,Banks—Regional,NYSE,100.75,70,48,70,56
1380,HBAN,Financial Services,Banks—Regional,NASDAQ,100.74,70,79,78,68
1381,GNT,Financial Services,Asset Management,NYSE,100.73,70,61,67,39
1382,PDT,Financial Services,Asset Management,NYSE,100.73,70,54,48,45
1383,CSQ,Financial Services,Asset Management,NASDAQ,100.72,70,69,72,70
1384,DSGX,Technology,Software—Application,NASDAQ,100.71,70,65,80,61
1385,DOMA,Real Estate,Real Estate Services,NYSE,100.71,70,63,70,6
1386,MORN,Financial Services,Financial Data & Stock Exchanges,NASDAQ,100.7,70,69,74,80
1387,LQDT,Consumer Cyclical,Internet Retail,NASDAQ,100.68,70,71,57,55
1388,DDL,Consumer Defensive,Grocery Stores,NYSE,100.67,70,77,83,2
1389,KO,Consumer Defensive,Beverages—Non-Alcoholic,NYSE,100.66,70,58,48,43
1390,VEL,Financial Services,Mortgage Finance,NYSE,100.66,70,85,90,89
1391,SCD,Financial Services,Asset Management,NYSE,100.64,70,59,67,59
1392,LOB,Financial Services,Banks—Regional,NYSE,100.63,70,75,54,85
1393,GNFT,Healthcare,Biotechnology,NASDAQ,100.63,70,69,80,31
1394,LXRX,Healthcare,Biotechnology,NASDAQ,100.63,70,89,17,92
1395,BELFB,Technology,Electronic Components,NASDAQ,100.62,70,70,87,54
1396,FMNB,Financial Services,Banks—Regional,NASDAQ,100.6,70,74,38,55
1397,CFBK,Financial Services,Banks—Regional,NASDAQ,100.58,70,59,44,80
